date,price,product_name,brand,has_anc,anc_level_db,has_enc,driver_size_mm,target_buy_wait,dayofweek,month,day,hour,price_lag_1,price_lag_2,price_diff_1,price_pct_change_1,rolling_mean_3,rolling_min_3,rolling_max_3,rolling_std_3,price_vs_roll_mean,price_vs_roll_min
2025-03-22 01:15:22,2499.0,Boat Nirvana Crystl Transparent Case Spatial Audio,boat,1,32.0,0,12.4,wait,5,3,22,1,2499.0,2799.0,0.0,0.0,2599.0,2499.0,2799.0,173.20508075688772,0.9615236629472874,1.0
2025-04-07 09:30:59,2199.0,Boat Nirvana Crystl Transparent Case Spatial Audio,boat,1,32.0,0,12.4,buy,0,4,7,9,2499.0,2499.0,-300.0,-0.12004801920768307,2399.0,2199.0,2499.0,173.20508075688772,0.9166319299708212,1.0
2025-05-14 12:26:39,2399.0,Boat Nirvana Crystl Transparent Case Spatial Audio,boat,1,32.0,0,12.4,wait,2,5,14,12,2199.0,2499.0,200.0,0.09095043201455207,2365.6666666666665,2199.0,2499.0,152.75252316519467,1.0140904607580667,1.090950432014552
2025-05-27 13:54:44,2169.0,Boat Nirvana Crystl Transparent Case Spatial Audio,boat,1,32.0,0,12.4,buy,1,5,27,13,2399.0,2199.0,-230.0,-0.09587328053355565,2255.6666666666665,2169.0,2399.0,125.03332889007359,0.9615782473769766,1.0
2025-05-28 05:23:23,2199.0,Boat Nirvana Crystl Transparent Case Spatial Audio,boat,1,32.0,0,12.4,buy,2,5,28,5,2169.0,2399.0,30.0,0.013831258644536652,2255.6666666666665,2169.0,2399.0,125.03332889007359,0.9748780848234078,1.0138312586445366
2025-07-11 04:45:18,2169.0,Boat Nirvana Crystl Transparent Case Spatial Audio,boat,1,32.0,0,12.4,wait,4,7,11,4,2199.0,2169.0,-30.0,-0.013642564802182811,2179.0,2169.0,2199.0,17.320508075687616,0.9954107388710418,1.0
2025-08-02 00:59:28,2199.0,Boat Nirvana Crystl Transparent Case Spatial Audio,boat,1,32.0,0,12.4,wait,5,8,2,0,2169.0,2199.0,30.0,0.013831258644536652,2189.0,2169.0,2199.0,17.320508075687616,1.0045682960255824,1.0138312586445366
2025-08-23 12:47:18,2299.0,Boat Nirvana Crystl Transparent Case Spatial Audio,boat,1,32.0,0,12.4,wait,5,8,23,12,2199.0,2169.0,100.0,0.04547521600727603,2222.3333333333335,2169.0,2299.0,68.0685928555401,1.0344982750862457,1.0599354541263255
2025-08-29 08:12:21,2099.0,Boat Nirvana Crystl Transparent Case Spatial Audio,boat,1,32.0,0,12.4,buy,4,8,29,8,2299.0,2199.0,-200.0,-0.08699434536755112,2199.0,2099.0,2299.0,99.99999999999973,0.954524783992724,1.0
2025-09-04 07:22:22,2299.0,Boat Nirvana Crystl Transparent Case Spatial Audio,boat,1,32.0,0,12.4,wait,3,9,4,7,2099.0,2299.0,200.0,0.09528346831824679,2232.3333333333335,2099.0,2299.0,115.47005383792488,1.0298641182619082,1.0952834683182469
2025-09-08 15:39:38,2399.0,Boat Nirvana Crystl Transparent Case Spatial Audio,boat,1,32.0,0,12.4,wait,0,9,8,15,2299.0,2099.0,100.0,0.04349717268377556,2265.6666666666665,2099.0,2399.0,152.75252316519453,1.058849492423128,1.1429252024773702
2025-09-20 03:41:44,2199.0,Boat Nirvana Crystl Transparent Case Spatial Audio,boat,1,32.0,0,12.4,buy,5,9,20,3,2399.0,2299.0,-200.0,-0.08336807002917883,2299.0,2199.0,2399.0,99.99999999999989,0.9565028273162245,1.0
2024-09-03 11:51:17,3299.0,Boat Nirvana Ivy,boat,1,50.0,0,12.4,wait,1,9,3,11,3909.0,3909.0,-610.0,-0.15605014070094653,3705.6666666666665,3299.0,3909.0,352.1836642056717,0.890258163173518,1.0
2024-09-04 03:51:09,2999.0,Boat Nirvana Ivy,boat,1,50.0,0,12.4,buy,2,9,4,3,3299.0,3909.0,-300.0,-0.09093664746892997,3402.3333333333335,2999.0,3909.0,463.71686763943933,0.8814539041834035,1.0
2024-09-06 06:14:37,3299.0,Boat Nirvana Ivy,boat,1,50.0,0,12.4,wait,4,9,6,6,2999.0,3299.0,300.0,0.10003334444814939,3199.0,2999.0,3299.0,173.2050807568878,1.0312597686777119,1.1000333444481494
2024-09-26 19:17:11,2998.0,Boat Nirvana Ivy,boat,1,50.0,0,12.4,wait,3,9,26,19,3299.0,2999.0,-301.0,-0.09123976962715974,3098.6666666666665,2998.0,3299.0,173.49447637701135,0.967512908777969,1.0
2024-11-08 10:58:41,3299.0,Boat Nirvana Ivy,boat,1,50.0,0,12.4,wait,4,11,8,10,2998.0,3299.0,301.0,0.10040026684456305,3198.6666666666665,2998.0,3299.0,173.78243102607746,1.0313672363484785,1.100400266844563
2025-01-10 09:49:45,2999.0,Boat Nirvana Ivy,boat,1,50.0,0,12.4,wait,4,1,10,9,3299.0,2998.0,-300.0,-0.09093664746892997,3098.6666666666665,2998.0,3299.0,173.49447637701135,0.9678356282271945,1.0003335557038024
2025-02-02 15:09:50,2799.0,Boat Nirvana Ivy,boat,1,50.0,0,12.4,buy,6,2,2,15,2999.0,3299.0,-200.0,-0.06668889629876626,3032.3333333333335,2799.0,3299.0,251.66114784235842,0.9230515554578432,1.0
2024-07-10 07:44:04,1998.0,Boat Nirvana Space,boat,1,32.0,0,12.4,buy,2,7,10,7,1998.0,1998.0,0.0,0.0,1998.0,1998.0,1998.0,0.0,1.0,1.0
2024-07-11 07:44:04,1998.0,Boat Nirvana Space,boat,1,32.0,0,12.4,buy,3,7,11,7,1998.0,1998.0,0.0,0.0,1998.0,1998.0,1998.0,0.0,1.0,1.0
2024-07-12 07:44:04,1998.0,Boat Nirvana Space,boat,1,32.0,0,12.4,buy,4,7,12,7,1998.0,1998.0,0.0,0.0,1998.0,1998.0,1998.0,0.0,1.0,1.0
2024-07-13 07:44:04,1998.0,Boat Nirvana Space,boat,1,32.0,0,12.4,buy,5,7,13,7,1998.0,1998.0,0.0,0.0,1998.0,1998.0,1998.0,0.0,1.0,1.0
2024-07-14 07:44:04,1998.0,Boat Nirvana Space,boat,1,32.0,0,12.4,buy,6,7,14,7,1998.0,1998.0,0.0,0.0,1998.0,1998.0,1998.0,0.0,1.0,1.0
2024-07-15 07:44:04,1998.0,Boat Nirvana Space,boat,1,32.0,0,12.4,buy,0,7,15,7,1998.0,1998.0,0.0,0.0,1998.0,1998.0,1998.0,0.0,1.0,1.0
2024-07-16 07:44:04,1998.0,Boat Nirvana Space,boat,1,32.0,0,12.4,buy,1,7,16,7,1998.0,1998.0,0.0,0.0,1998.0,1998.0,1998.0,0.0,1.0,1.0
2024-07-17 07:44:04,1998.0,Boat Nirvana Space,boat,1,32.0,0,12.4,buy,2,7,17,7,1998.0,1998.0,0.0,0.0,1998.0,1998.0,1998.0,0.0,1.0,1.0
2024-07-18 09:38:48,2499.0,Boat Nirvana Space,boat,1,32.0,0,12.4,wait,3,7,18,9,1998.0,1998.0,501.0,0.25075075075075076,2165.0,1998.0,2499.0,289.2524848640025,1.1542725173210162,1.2507507507507507
2024-07-19 04:49:47,2008.0,Boat Nirvana Space,boat,1,32.0,0,12.4,buy,4,7,19,4,2499.0,1998.0,-491.0,-0.19647859143657462,2168.3333333333335,1998.0,2499.0,286.409380665741,0.9260568793235971,1.005005005005005
2024-07-31 11:10:37,2499.0,Boat Nirvana Space,boat,1,32.0,0,12.4,wait,2,7,31,11,2008.0,2499.0,491.0,0.24452191235059761,2335.3333333333335,2008.0,2499.0,283.4789821721062,1.0700827861832714,1.2445219123505975
2024-08-02 06:13:37,2199.0,Boat Nirvana Space,boat,1,32.0,0,12.4,wait,4,8,2,6,2499.0,2008.0,-300.0,-0.12004801920768307,2235.3333333333335,2008.0,2499.0,247.50824902078176,0.9837458991947509,1.0951195219123506
2024-08-02 14:20:11,1999.0,Boat Nirvana Space,boat,1,32.0,0,12.4,buy,4,8,2,14,2199.0,2499.0,-200.0,-0.09095043201455207,2232.3333333333335,1999.0,2499.0,251.6611478423583,0.8954755860833208,1.0
2024-08-04 10:49:35,2499.0,Boat Nirvana Space,boat,1,32.0,0,12.4,wait,6,8,4,10,1999.0,2199.0,500.0,0.25012506253126565,2232.3333333333335,1999.0,2499.0,251.6611478423583,1.1194564730476333,1.2501250625312657
2024-08-06 02:07:41,2098.0,Boat Nirvana Space,boat,1,32.0,0,12.4,buy,1,8,6,2,2499.0,1999.0,-401.0,-0.1604641856742697,2198.6666666666665,1999.0,2499.0,264.7646753880383,0.9542146755609461,1.0495247623811905
2024-08-13 05:24:54,2499.0,Boat Nirvana Space,boat,1,32.0,0,12.4,wait,1,8,13,5,2098.0,2499.0,401.0,0.1911344137273594,2365.3333333333335,2098.0,2499.0,231.5174579450399,1.056510710259301,1.1911344137273594
2024-09-24 13:23:11,2099.0,Boat Nirvana Space,boat,1,32.0,0,12.4,wait,1,9,24,13,2499.0,2098.0,-400.0,-0.1600640256102441,2232.0,2098.0,2499.0,231.22932339995288,0.9404121863799283,1.0004766444232602
2024-09-25 20:13:00,2100.0,Boat Nirvana Space,boat,1,32.0,0,12.4,wait,2,9,25,20,2099.0,2499.0,1.0,0.0004764173415912339,2232.6666666666665,2099.0,2499.0,230.65197448392527,0.9405792773962377,1.0004764173415912
2024-09-26 18:38:43,1898.0,Boat Nirvana Space,boat,1,32.0,0,12.4,buy,3,9,26,18,2100.0,2099.0,-202.0,-0.09619047619047619,2032.3333333333333,1898.0,2100.0,116.33715370995318,0.9339019189765458,1.0
2024-10-08 07:27:52,2099.0,Boat Nirvana Space,boat,1,32.0,0,12.4,wait,1,10,8,7,1898.0,2100.0,201.0,0.10590094836670179,2032.3333333333333,1898.0,2100.0,116.33715370995318,1.0328030178776448,1.1059009483667017
2024-10-09 17:29:05,1999.0,Boat Nirvana Space,boat,1,32.0,0,12.4,wait,2,10,9,17,2099.0,1898.0,-100.0,-0.04764173415912339,1998.6666666666667,1898.0,2099.0,100.5004145928427,1.0001667778519012,1.0532139093782928
2024-10-17 23:23:29,1899.0,Boat Nirvana Space,boat,1,32.0,0,12.4,buy,3,10,17,23,1999.0,2099.0,-100.0,-0.05002501250625312,1999.0,1899.0,2099.0,99.99999999999966,0.9499749874937469,1.0
2024-10-21 13:50:31,1999.0,Boat Nirvana Space,boat,1,32.0,0,12.4,buy,0,10,21,13,1899.0,1999.0,100.0,0.0526592943654555,1965.6666666666667,1899.0,1999.0,57.73502691896196,1.0169577751399017,1.0526592943654556
2024-11-01 10:17:29,2199.0,Boat Nirvana Space,boat,1,32.0,0,12.4,wait,4,11,1,10,1999.0,1899.0,200.0,0.10005002501250625,2032.3333333333333,1899.0,2199.0,152.75252316519448,1.082007544694112,1.1579778830963665
2024-11-02 05:48:52,2299.0,Boat Nirvana Space,boat,1,32.0,0,12.4,wait,5,11,2,5,2199.0,1999.0,100.0,0.04547521600727603,2165.6666666666665,1999.0,2299.0,152.75252316519456,1.0615668770201632,1.1500750375187594
2024-11-03 08:40:21,2499.0,Boat Nirvana Space,boat,1,32.0,0,12.4,wait,6,11,3,8,2299.0,2199.0,200.0,0.08699434536755112,2332.3333333333335,2199.0,2499.0,152.75252316519456,1.071459196798628,1.136425648021828
2024-11-15 06:22:15,1799.0,Boat Nirvana Space,boat,1,32.0,0,12.4,wait,4,11,15,6,2499.0,2299.0,-700.0,-0.2801120448179272,2199.0,1799.0,2499.0,360.55512754639886,0.8180991359708959,1.0
2024-11-18 15:42:30,2099.0,Boat Nirvana Space,boat,1,32.0,0,12.4,wait,0,11,18,15,1799.0,2499.0,300.0,0.16675931072818231,2132.3333333333335,1799.0,2499.0,351.18845842842455,0.9843676723464123,1.1667593107281824
2024-12-02 02:33:13,1699.0,Boat Nirvana Space,boat,1,32.0,0,12.4,buy,0,12,2,2,2099.0,1799.0,-400.0,-0.19056693663649357,1865.6666666666667,1699.0,2099.0,208.16659994661345,0.9106664284438092,1.0
2024-12-07 08:50:48,1799.0,Boat Nirvana Space,boat,1,32.0,0,12.4,buy,5,12,7,8,1699.0,2099.0,100.0,0.05885815185403178,1865.6666666666667,1699.0,2099.0,208.16659994661345,0.9642665713775236,1.0588581518540319
2024-12-31 17:08:08,1899.0,Boat Nirvana Space,boat,1,32.0,0,12.4,buy,1,12,31,17,1799.0,1699.0,100.0,0.055586436909394105,1799.0,1699.0,1899.0,100.0000000000004,1.0555864369093941,1.1177163037080635
2025-01-12 08:42:09,2199.0,Boat Nirvana Space,boat,1,32.0,0,12.4,wait,6,1,12,8,1899.0,1799.0,300.0,0.1579778830963665,1965.6666666666667,1799.0,2199.0,208.16659994661345,1.1187044259793115,1.2223457476375765
2025-01-22 12:16:51,1899.0,Boat Nirvana Space,boat,1,32.0,0,12.4,wait,2,1,22,12,2199.0,1899.0,-300.0,-0.1364256480218281,1999.0,1899.0,2199.0,173.2050807568879,0.9499749874937469,1.0
2025-03-03 18:44:41,1999.0,Boat Nirvana Space,boat,1,32.0,0,12.4,wait,0,3,3,18,1899.0,2199.0,100.0,0.0526592943654555,2032.3333333333333,1899.0,2199.0,152.75252316519484,0.9835984910611777,1.0526592943654556
2025-03-09 10:25:54,1899.0,Boat Nirvana Space,boat,1,32.0,0,12.4,wait,6,3,9,10,1999.0,1899.0,-100.0,-0.05002501250625312,1932.3333333333333,1899.0,1999.0,57.735026918962966,0.9827496981197171,1.0
2025-03-23 09:43:39,1799.0,Boat Nirvana Space,boat,1,32.0,0,12.4,buy,6,3,23,9,1899.0,1999.0,-100.0,-0.0526592943654555,1899.0,1799.0,1999.0,100.00000000000024,0.9473407056345445,1.0
2025-04-05 17:01:05,1899.0,Boat Nirvana Space,boat,1,32.0,0,12.4,buy,5,4,5,17,1799.0,1899.0,100.0,0.055586436909394105,1865.6666666666667,1799.0,1899.0,57.735026918962966,1.017866714311238,1.0555864369093941
2025-04-15 18:20:32,2099.0,Boat Nirvana Space,boat,1,32.0,0,12.4,wait,1,4,15,18,1899.0,1799.0,200.0,0.105318588730911,1932.3333333333333,1799.0,2099.0,152.75252316519484,1.0862515094014145,1.1667593107281824
2025-04-17 04:01:31,2499.0,Boat Nirvana Space,boat,1,32.0,0,12.4,wait,3,4,17,4,2099.0,1899.0,400.0,0.19056693663649357,2165.6666666666665,1899.0,2499.0,305.5050463303895,1.153917192550408,1.315955766192733
2025-05-03 13:57:40,1899.0,Boat Nirvana Space,boat,1,32.0,0,12.4,buy,5,5,3,13,2499.0,2099.0,-600.0,-0.24009603841536614,2165.6666666666665,1899.0,2499.0,305.5050463303895,0.8768662459596738,1.0
2025-05-16 07:52:25,2099.0,Boat Nirvana Space,boat,1,32.0,0,12.4,wait,4,5,16,7,1899.0,2499.0,200.0,0.105318588730911,2165.6666666666665,1899.0,2499.0,305.5050463303895,0.9692165614899185,1.105318588730911
2025-06-30 16:26:28,1999.0,Boat Nirvana Space,boat,1,32.0,0,12.4,wait,0,6,30,16,2099.0,1899.0,-100.0,-0.04764173415912339,1999.0,1899.0,2099.0,100.00000000000007,1.0,1.0526592943654556
2025-07-01 00:44:35,1899.0,Boat Nirvana Space,boat,1,32.0,0,12.4,wait,1,7,1,0,1999.0,2099.0,-100.0,-0.05002501250625312,1999.0,1899.0,2099.0,100.00000000000007,0.9499749874937469,1.0
2025-07-11 19:01:37,1699.0,Boat Nirvana Space,boat,1,32.0,0,12.4,buy,4,7,11,19,1899.0,1999.0,-200.0,-0.105318588730911,1865.6666666666667,1699.0,1999.0,152.7525231651943,0.9106664284438092,1.0
2025-07-24 18:57:48,2199.0,Boat Nirvana Space,boat,1,32.0,0,12.4,wait,3,7,24,18,1699.0,1899.0,500.0,0.2942907592701589,1932.3333333333333,1699.0,2199.0,251.6611478423582,1.1380024150422632,1.294290759270159
2025-07-31 12:48:51,1699.0,Boat Nirvana Space,boat,1,32.0,0,12.4,buy,3,7,31,12,2199.0,1699.0,-500.0,-0.22737608003638018,1865.6666666666667,1699.0,2199.0,288.6751345948126,0.9106664284438092,1.0
2025-08-10 08:11:47,1749.0,Boat Nirvana Space,boat,1,32.0,0,12.4,wait,6,8,10,8,1699.0,2199.0,50.0,0.02942907592701589,1882.3333333333333,1699.0,2199.0,275.3785273643049,0.9291659288117585,1.029429075927016
2025-08-11 16:46:07,2499.0,Boat Nirvana Space,boat,1,32.0,0,12.4,wait,0,8,11,16,1749.0,1699.0,750.0,0.4288164665523156,1982.3333333333333,1699.0,2499.0,448.1443219916251,1.2606356145955944,1.4708652148322543
2025-08-25 18:18:31,1799.0,Boat Nirvana Space,boat,1,32.0,0,12.4,wait,0,8,25,18,2499.0,1749.0,-700.0,-0.2801120448179272,2015.6666666666667,1749.0,2499.0,419.32485418030416,0.8925086819910699,1.028587764436821
2025-08-28 06:51:09,1499.0,Boat Nirvana Space,boat,1,32.0,0,12.4,buy,3,8,28,6,1799.0,2499.0,-300.0,-0.16675931072818231,1932.3333333333333,1499.0,2499.0,513.1601439446883,0.7757460755563222,1.0
2025-09-01 02:21:36,1699.0,Boat Nirvana Space,boat,1,32.0,0,12.4,buy,0,9,1,2,1499.0,1799.0,200.0,0.133422281521014,1665.6666666666667,1499.0,1799.0,152.75252316519357,1.0200120072043226,1.133422281521014
2025-09-05 06:07:21,2499.0,Boat Nirvana Space,boat,1,32.0,0,12.4,wait,4,9,5,6,1699.0,1499.0,800.0,0.47086521483225424,1899.0,1499.0,2499.0,529.1502622129179,1.315955766192733,1.6671114076050702
2025-09-07 04:00:24,2349.0,Boat Nirvana Space,boat,1,32.0,0,12.4,wait,6,9,7,4,2499.0,1699.0,-150.0,-0.060024009603841535,2182.3333333333335,1699.0,2499.0,425.2450274057692,1.0763708568810142,1.3825779870512065
2025-09-11 03:53:08,1699.0,Boat Nirvana Space,boat,1,32.0,0,12.4,buy,3,9,11,3,2349.0,2499.0,-650.0,-0.2767134951042997,2182.3333333333335,1699.0,2499.0,425.2450274057692,0.7785245150450587,1.0
2025-09-16 19:49:44,1849.0,Boat Nirvana Space,boat,1,32.0,0,12.4,buy,1,9,16,19,1699.0,2349.0,150.0,0.08828722778104768,1965.6666666666667,1699.0,2349.0,340.3429642777021,0.9406477870103442,1.0882872277810476
2025-09-17 18:23:47,2499.0,Boat Nirvana Space,boat,1,32.0,0,12.4,wait,2,9,17,18,1849.0,1699.0,650.0,0.3515413737155219,2015.6666666666667,1699.0,2499.0,425.245027405769,1.2397883247891517,1.4708652148322543
2025-09-19 07:09:00,2339.0,Boat Nirvana Space,boat,1,32.0,0,12.4,buy,4,9,19,7,2499.0,1849.0,-160.0,-0.06402561024409764,2229.0,1849.0,2499.0,338.6738844375222,1.0493494840735755,1.2650081124932395
2025-07-04 01:05:16,2999.0,Boat Nirvana Zenith Pro 2025 50Db Hybrid Adaptive,boat,1,50.0,0,12.4,buy,4,7,4,1,2999.0,2999.0,0.0,0.0,2999.0,2999.0,2999.0,0.0,1.0,1.0
2025-07-08 13:25:23,2999.0,Boat Nirvana Zenith Pro 2025 50Db Hybrid Adaptive,boat,1,50.0,0,12.4,buy,1,7,8,13,2999.0,2999.0,0.0,0.0,2999.0,2999.0,2999.0,0.0,1.0,1.0
2025-07-09 01:25:18,3499.0,Boat Nirvana Zenith Pro 2025 50Db Hybrid Adaptive,boat,1,50.0,0,12.4,wait,2,7,9,1,2999.0,2999.0,500.0,0.16672224074691563,3165.6666666666665,2999.0,3499.0,288.67513459481296,1.1052964093924398,1.1667222407469156
2025-07-10 00:00:17,2999.0,Boat Nirvana Zenith Pro 2025 50Db Hybrid Adaptive,boat,1,50.0,0,12.4,buy,3,7,10,0,3499.0,2999.0,-500.0,-0.14289797084881395,3165.6666666666665,2999.0,3499.0,288.67513459481296,0.9473517953037802,1.0
2025-07-11 00:09:02,2999.0,Boat Nirvana Zenith Pro 2025 50Db Hybrid Adaptive,boat,1,50.0,0,12.4,buy,4,7,11,0,2999.0,3499.0,0.0,0.0,3165.6666666666665,2999.0,3499.0,288.67513459481296,0.9473517953037802,1.0
2025-07-12 00:06:41,2999.0,Boat Nirvana Zenith Pro 2025 50Db Hybrid Adaptive,boat,1,50.0,0,12.4,buy,5,7,12,0,2999.0,2999.0,0.0,0.0,2999.0,2999.0,2999.0,0.0,1.0,1.0
2025-07-30 16:05:57,3149.0,Boat Nirvana Zenith Pro 2025 50Db Hybrid Adaptive,boat,1,50.0,0,12.4,wait,2,7,30,16,2999.0,2999.0,150.0,0.050016672224074694,3049.0,2999.0,3149.0,86.60254037844386,1.032797638570023,1.0500166722240747
2025-08-06 07:31:29,2999.0,Boat Nirvana Zenith Pro 2025 50Db Hybrid Adaptive,boat,1,50.0,0,12.4,buy,2,8,6,7,3149.0,2999.0,-150.0,-0.047634169577643694,3049.0,2999.0,3149.0,86.60254037844386,0.9836011807149885,1.0
2024-08-13 03:56:33,1699.0,Boult X Mustang Derby,boult,0,0.0,1,12.4,buy,1,8,13,3,1799.0,1299.0,-100.0,-0.055586436909394105,1599.0,1299.0,1799.0,264.5751311064591,1.0625390869293307,1.3079291762894534
2024-08-21 13:55:42,1799.0,Boult X Mustang Derby,boult,0,0.0,1,12.4,wait,2,8,21,13,1699.0,1799.0,100.0,0.05885815185403178,1765.6666666666667,1699.0,1799.0,57.73502691896256,1.0188786105342647,1.0588581518540319
2024-09-01 03:51:26,1699.0,Boult X Mustang Derby,boult,0,0.0,1,12.4,wait,6,9,1,3,1799.0,1699.0,-100.0,-0.055586436909394105,1732.3333333333333,1699.0,1799.0,57.73502691896256,0.9807581296902059,1.0
2024-09-06 18:09:21,1799.0,Boult X Mustang Derby,boult,0,0.0,1,12.4,wait,4,9,6,18,1699.0,1799.0,100.0,0.05885815185403178,1765.6666666666667,1699.0,1799.0,57.73502691896256,1.0188786105342647,1.0588581518540319
2024-09-12 19:14:14,1699.0,Boult X Mustang Derby,boult,0,0.0,1,12.4,wait,3,9,12,19,1799.0,1699.0,-100.0,-0.055586436909394105,1732.3333333333333,1699.0,1799.0,57.73502691896256,0.9807581296902059,1.0
2024-09-17 20:57:19,1399.0,Boult X Mustang Derby,boult,0,0.0,1,12.4,buy,1,9,17,20,1699.0,1799.0,-300.0,-0.17657445556209536,1632.3333333333333,1399.0,1799.0,208.16659994661325,0.8570553400040841,1.0
2024-09-21 05:17:18,1599.0,Boult X Mustang Derby,boult,0,0.0,1,12.4,wait,5,9,21,5,1399.0,1699.0,200.0,0.14295925661186562,1565.6666666666667,1399.0,1699.0,152.7525231651946,1.0212901852246115,1.1429592566118656
2024-09-24 03:14:25,1499.0,Boult X Mustang Derby,boult,0,0.0,1,12.4,wait,1,9,24,3,1599.0,1399.0,-100.0,-0.06253908692933083,1499.0,1399.0,1599.0,99.99999999999993,1.0,1.071479628305933
2024-09-26 00:21:00,1399.0,Boult X Mustang Derby,boult,0,0.0,1,12.4,wait,3,9,26,0,1499.0,1599.0,-100.0,-0.066711140760507,1499.0,1399.0,1599.0,99.99999999999993,0.933288859239493,1.0
2024-09-26 18:23:40,1469.0,Boult X Mustang Derby,boult,0,0.0,1,12.4,wait,3,9,26,18,1399.0,1499.0,70.0,0.05003573981415296,1455.6666666666667,1399.0,1499.0,51.316014394468695,1.0091596061369361,1.0500357398141529
2024-09-26 18:41:57,1398.0,Boult X Mustang Derby,boult,0,0.0,1,12.4,wait,3,9,26,18,1469.0,1399.0,-71.0,-0.04833219877467665,1422.0,1398.0,1469.0,40.70626487409508,0.9831223628691983,1.0
2024-10-04 05:59:38,1299.0,Boult X Mustang Derby,boult,0,0.0,1,12.4,buy,4,10,4,5,1398.0,1469.0,-99.0,-0.07081545064377683,1388.6666666666667,1299.0,1469.0,85.38344882547979,0.9354296687469995,1.0
2024-10-08 07:03:31,1298.0,Boult X Mustang Derby,boult,0,0.0,1,12.4,buy,1,10,8,7,1299.0,1398.0,-1.0,-0.0007698229407236335,1331.6666666666667,1298.0,1398.0,57.4485276863849,0.9747183979974968,1.0
2024-10-09 14:30:04,1598.0,Boult X Mustang Derby,boult,0,0.0,1,12.4,wait,2,10,9,14,1298.0,1299.0,300.0,0.23112480739599384,1398.3333333333333,1298.0,1598.0,172.91712851343948,1.1427890345649583,1.231124807395994
2024-10-09 17:42:59,1298.0,Boult X Mustang Derby,boult,0,0.0,1,12.4,buy,2,10,9,17,1598.0,1298.0,-300.0,-0.18773466833541927,1398.0,1298.0,1598.0,173.20508075688778,0.9284692417739628,1.0
2024-10-15 06:24:32,1299.0,Boult X Mustang Derby,boult,0,0.0,1,12.4,buy,1,10,15,6,1298.0,1598.0,1.0,0.0007704160246533128,1398.3333333333333,1298.0,1598.0,172.91712851343948,0.9289630512514899,1.0007704160246533
2024-10-15 11:43:11,1399.0,Boult X Mustang Derby,boult,0,0.0,1,12.4,buy,1,10,15,11,1299.0,1298.0,100.0,0.07698229407236336,1332.0,1298.0,1399.0,58.02585630561607,1.0503003003003002,1.0778120184899846
2024-10-16 19:57:43,1499.0,Boult X Mustang Derby,boult,0,0.0,1,12.4,wait,2,10,16,19,1399.0,1299.0,100.0,0.07147962830593281,1399.0,1299.0,1499.0,100.00000000000001,1.071479628305933,1.1539645881447267
2024-11-05 00:46:34,1399.0,Boult X Mustang Derby,boult,0,0.0,1,12.4,buy,1,11,5,0,1499.0,1399.0,-100.0,-0.066711140760507,1432.3333333333333,1399.0,1499.0,57.73502691896259,0.9767279497323714,1.0
2024-11-07 17:03:15,1699.0,Boult X Mustang Derby,boult,0,0.0,1,12.4,wait,3,11,7,17,1399.0,1499.0,300.0,0.21443888491779842,1532.3333333333333,1399.0,1699.0,152.7525231651947,1.108766586904503,1.2144388849177985
2024-11-10 21:33:15,1499.0,Boult X Mustang Derby,boult,0,0.0,1,12.4,buy,6,11,10,21,1699.0,1399.0,-200.0,-0.11771630370806356,1532.3333333333333,1399.0,1699.0,152.7525231651947,0.9782466826190994,1.071479628305933
2024-11-13 02:52:28,1699.0,Boult X Mustang Derby,boult,0,0.0,1,12.4,wait,2,11,13,2,1499.0,1699.0,200.0,0.133422281521014,1632.3333333333333,1499.0,1699.0,115.47005383792526,1.0408413314274045,1.133422281521014
2024-11-17 15:48:53,1698.0,Boult X Mustang Derby,boult,0,0.0,1,12.4,wait,6,11,17,15,1699.0,1499.0,-1.0,-0.0005885815185403178,1632.0,1499.0,1699.0,115.18246394308477,1.0404411764705883,1.1327551701134089
2024-11-21 13:52:17,1499.0,Boult X Mustang Derby,boult,0,0.0,1,12.4,buy,3,11,21,13,1698.0,1699.0,-199.0,-0.11719670200235571,1632.0,1499.0,1699.0,115.18246394308477,0.9185049019607843,1.0
2024-11-23 19:45:22,1699.0,Boult X Mustang Derby,boult,0,0.0,1,12.4,wait,5,11,23,19,1499.0,1698.0,200.0,0.133422281521014,1632.0,1499.0,1699.0,115.18246394308477,1.0410539215686274,1.133422281521014
2024-11-29 17:36:47,1599.0,Boult X Mustang Derby,boult,0,0.0,1,12.4,wait,4,11,29,17,1699.0,1499.0,-100.0,-0.05885815185403178,1599.0,1499.0,1699.0,100.00000000000011,1.0,1.066711140760507
2024-12-02 10:05:52,1499.0,Boult X Mustang Derby,boult,0,0.0,1,12.4,wait,0,12,2,10,1599.0,1699.0,-100.0,-0.06253908692933083,1599.0,1499.0,1699.0,100.00000000000011,0.9374609130706691,1.0
2024-12-04 18:10:50,1599.0,Boult X Mustang Derby,boult,0,0.0,1,12.4,wait,2,12,4,18,1499.0,1599.0,100.0,0.066711140760507,1565.6666666666667,1499.0,1599.0,57.735026918962745,1.0212901852246115,1.066711140760507
2024-12-07 09:38:18,1399.0,Boult X Mustang Derby,boult,0,0.0,1,12.4,buy,5,12,7,9,1599.0,1499.0,-200.0,-0.12507817385866166,1499.0,1399.0,1599.0,100.00000000000011,0.933288859239493,1.0
2024-12-08 09:20:00,1599.0,Boult X Mustang Derby,boult,0,0.0,1,12.4,wait,6,12,8,9,1399.0,1599.0,200.0,0.14295925661186562,1532.3333333333333,1399.0,1599.0,115.47005383792526,1.0435066347618012,1.1429592566118656
2024-12-13 11:47:28,1399.0,Boult X Mustang Derby,boult,0,0.0,1,12.4,buy,4,12,13,11,1599.0,1399.0,-200.0,-0.12507817385866166,1465.6666666666667,1399.0,1599.0,115.47005383792526,0.9545144416647714,1.0
2024-12-26 07:41:14,1499.0,Boult X Mustang Derby,boult,0,0.0,1,12.4,buy,3,12,26,7,1399.0,1599.0,100.0,0.07147962830593281,1499.0,1399.0,1599.0,100.00000000000011,1.0,1.071479628305933
2025-01-05 06:07:47,1503.0,Boult X Mustang Derby,boult,0,0.0,1,12.4,wait,6,1,5,6,1499.0,1399.0,4.0,0.00266844563042028,1467.0,1399.0,1503.0,58.92367945062513,1.0245398773006136,1.0743388134381702
2025-01-09 04:33:55,1599.0,Boult X Mustang Derby,boult,0,0.0,1,12.4,wait,3,1,9,4,1503.0,1499.0,96.0,0.06387225548902195,1533.6666666666667,1499.0,1599.0,56.61566332149921,1.0425994349054553,1.066711140760507
2025-01-12 17:39:34,1511.0,Boult X Mustang Derby,boult,0,0.0,1,12.4,wait,6,1,12,17,1599.0,1503.0,-88.0,-0.05503439649781113,1537.6666666666667,1503.0,1599.0,53.26662494783531,0.9826577064816822,1.0053226879574184
2025-01-13 02:12:19,1399.0,Boult X Mustang Derby,boult,0,0.0,1,12.4,buy,0,1,13,2,1511.0,1599.0,-112.0,-0.07412309728656519,1503.0,1399.0,1599.0,100.23971268913341,0.9308050565535595,1.0
2025-01-20 02:57:51,1499.0,Boult X Mustang Derby,boult,0,0.0,1,12.4,buy,0,1,20,2,1399.0,1511.0,100.0,0.07147962830593281,1469.6666666666667,1399.0,1511.0,61.49254697386787,1.0199591744159673,1.071479628305933
2025-01-30 08:07:11,1599.0,Boult X Mustang Derby,boult,0,0.0,1,12.4,wait,3,1,30,8,1499.0,1399.0,100.0,0.066711140760507,1499.0,1399.0,1599.0,100.00000000000007,1.066711140760507,1.1429592566118656
2025-02-01 06:59:11,1499.0,Boult X Mustang Derby,boult,0,0.0,1,12.4,wait,5,2,1,6,1599.0,1499.0,-100.0,-0.06253908692933083,1532.3333333333333,1499.0,1599.0,57.73502691896268,0.9782466826190994,1.0
2025-02-05 03:48:49,1599.0,Boult X Mustang Derby,boult,0,0.0,1,12.4,wait,2,2,5,3,1499.0,1599.0,100.0,0.066711140760507,1565.6666666666667,1499.0,1599.0,57.73502691896268,1.0212901852246115,1.066711140760507
2025-02-18 02:08:06,1499.0,Boult X Mustang Derby,boult,0,0.0,1,12.4,wait,1,2,18,2,1599.0,1499.0,-100.0,-0.06253908692933083,1532.3333333333333,1499.0,1599.0,57.73502691896268,0.9782466826190994,1.0
2025-03-08 04:26:25,1299.0,Boult X Mustang Derby,boult,0,0.0,1,12.4,buy,5,3,8,4,1499.0,1599.0,-200.0,-0.133422281521014,1465.6666666666667,1299.0,1599.0,152.75252316519476,0.8862861041619285,1.0
2025-03-15 15:24:26,1499.0,Boult X Mustang Derby,boult,0,0.0,1,12.4,wait,5,3,15,15,1299.0,1499.0,200.0,0.15396458814472672,1432.3333333333333,1299.0,1499.0,115.4700538379253,1.0465441005352571,1.1539645881447267
2025-09-09 18:40:25,1299.0,Boult X Mustang Derby,boult,0,0.0,1,12.4,buy,1,9,9,18,1499.0,1299.0,-200.0,-0.133422281521014,1365.6666666666667,1299.0,1499.0,115.4700538379253,0.9511837930192824,1.0
2025-02-24 01:29:13,1499.0,Boult X Mustang Dyno,boult,0,0.0,1,13.0,wait,0,2,24,1,1299.0,1299.0,200.0,0.15396458814472672,1365.6666666666667,1299.0,1499.0,115.47005383792512,1.097632413961435,1.1539645881447267
2025-03-15 14:54:24,1419.0,Boult X Mustang Dyno,boult,0,0.0,1,13.0,wait,5,3,15,14,1499.0,1299.0,-80.0,-0.0533689126084056,1405.6666666666667,1299.0,1499.0,100.66445913694326,1.0094854161726345,1.092378752886836
2025-03-20 11:24:23,1499.0,Boult X Mustang Dyno,boult,0,0.0,1,13.0,wait,3,3,20,11,1419.0,1499.0,80.0,0.05637773079633545,1472.3333333333333,1419.0,1499.0,46.18802153516986,1.0181118406158027,1.0563777307963353
2025-03-21 17:12:57,1299.0,Boult X Mustang Dyno,boult,0,0.0,1,13.0,buy,4,3,21,17,1499.0,1419.0,-200.0,-0.133422281521014,1405.6666666666667,1299.0,1499.0,100.66445913694326,0.9241166706189233,1.0
2025-03-23 07:28:46,1419.0,Boult X Mustang Dyno,boult,0,0.0,1,13.0,wait,6,3,23,7,1299.0,1499.0,120.0,0.09237875288683603,1405.6666666666667,1299.0,1499.0,100.66445913694326,1.0094854161726345,1.092378752886836
2025-03-25 09:10:04,1499.0,Boult X Mustang Dyno,boult,0,0.0,1,13.0,wait,1,3,25,9,1419.0,1299.0,80.0,0.05637773079633545,1405.6666666666667,1299.0,1499.0,100.66445913694326,1.066397913208442,1.1539645881447267
2025-03-26 13:43:18,1289.0,Boult X Mustang Dyno,boult,0,0.0,1,13.0,buy,2,3,26,13,1499.0,1419.0,-210.0,-0.1400933955970647,1402.3333333333333,1289.0,1499.0,105.98742063723084,0.9191823151889709,1.0
2025-03-29 08:28:31,1299.0,Boult X Mustang Dyno,boult,0,0.0,1,13.0,buy,5,3,29,8,1289.0,1499.0,10.0,0.007757951900698216,1362.3333333333333,1289.0,1499.0,118.46237095944561,0.9535111328602888,1.0077579519006983
2025-04-02 19:27:23,1499.0,Boult X Mustang Dyno,boult,0,0.0,1,13.0,wait,2,4,2,19,1299.0,1289.0,200.0,0.15396458814472672,1362.3333333333333,1289.0,1499.0,118.46237095944561,1.1003180817225349,1.1629169899146625
2025-04-03 03:46:21,1299.0,Boult X Mustang Dyno,boult,0,0.0,1,13.0,buy,3,4,3,3,1499.0,1299.0,-200.0,-0.133422281521014,1365.6666666666667,1299.0,1499.0,115.47005383792506,0.9511837930192824,1.0
2025-04-05 04:09:17,1499.0,Boult X Mustang Dyno,boult,0,0.0,1,13.0,wait,5,4,5,4,1299.0,1499.0,200.0,0.15396458814472672,1432.3333333333333,1299.0,1499.0,115.47005383792506,1.0465441005352571,1.1539645881447267
2025-04-07 11:48:13,1299.0,Boult X Mustang Dyno,boult,0,0.0,1,13.0,buy,0,4,7,11,1499.0,1299.0,-200.0,-0.133422281521014,1365.6666666666667,1299.0,1499.0,115.47005383792506,0.9511837930192824,1.0
2025-04-13 13:48:22,1499.0,Boult X Mustang Dyno,boult,0,0.0,1,13.0,wait,6,4,13,13,1299.0,1499.0,200.0,0.15396458814472672,1432.3333333333333,1299.0,1499.0,115.47005383792506,1.0465441005352571,1.1539645881447267
2025-04-23 14:39:06,1799.0,Boult X Mustang Dyno,boult,0,0.0,1,13.0,wait,2,4,23,14,1499.0,1299.0,300.0,0.200133422281521,1532.3333333333333,1299.0,1799.0,251.6611478423583,1.1740265390472047,1.3849114703618168
2025-05-30 00:54:31,1299.0,Boult X Mustang Dyno,boult,0,0.0,1,13.0,buy,4,5,30,0,1799.0,1499.0,-500.0,-0.27793218454697055,1532.3333333333333,1299.0,1799.0,251.6611478423583,0.8477267783336959,1.0
2025-06-04 03:23:35,1499.0,Boult X Mustang Dyno,boult,0,0.0,1,13.0,wait,2,6,4,3,1299.0,1799.0,200.0,0.15396458814472672,1532.3333333333333,1299.0,1799.0,251.6611478423583,0.9782466826190994,1.1539645881447267
2025-06-05 21:17:18,1299.0,Boult X Mustang Dyno,boult,0,0.0,1,13.0,buy,3,6,5,21,1499.0,1299.0,-200.0,-0.133422281521014,1365.6666666666667,1299.0,1499.0,115.47005383792508,0.9511837930192824,1.0
2025-06-09 14:56:46,1499.0,Boult X Mustang Dyno,boult,0,0.0,1,13.0,wait,0,6,9,14,1299.0,1499.0,200.0,0.15396458814472672,1432.3333333333333,1299.0,1499.0,115.47005383792508,1.0465441005352571,1.1539645881447267
2025-06-20 19:08:51,1299.0,Boult X Mustang Dyno,boult,0,0.0,1,13.0,buy,4,6,20,19,1499.0,1299.0,-200.0,-0.133422281521014,1365.6666666666667,1299.0,1499.0,115.47005383792508,0.9511837930192824,1.0
2025-06-23 07:26:13,1499.0,Boult X Mustang Dyno,boult,0,0.0,1,13.0,wait,0,6,23,7,1299.0,1499.0,200.0,0.15396458814472672,1432.3333333333333,1299.0,1499.0,115.47005383792508,1.0465441005352571,1.1539645881447267
2025-06-27 05:21:41,1299.0,Boult X Mustang Dyno,boult,0,0.0,1,13.0,buy,4,6,27,5,1499.0,1299.0,-200.0,-0.133422281521014,1365.6666666666667,1299.0,1499.0,115.47005383792508,0.9511837930192824,1.0
2025-07-07 15:11:17,1499.0,Boult X Mustang Dyno,boult,0,0.0,1,13.0,wait,0,7,7,15,1299.0,1499.0,200.0,0.15396458814472672,1432.3333333333333,1299.0,1499.0,115.47005383792508,1.0465441005352571,1.1539645881447267
2025-07-11 04:09:18,1299.0,Boult X Mustang Dyno,boult,0,0.0,1,13.0,buy,4,7,11,4,1499.0,1299.0,-200.0,-0.133422281521014,1365.6666666666667,1299.0,1499.0,115.47005383792508,0.9511837930192824,1.0
2025-07-11 13:23:07,1499.0,Boult X Mustang Dyno,boult,0,0.0,1,13.0,wait,4,7,11,13,1299.0,1499.0,200.0,0.15396458814472672,1432.3333333333333,1299.0,1499.0,115.47005383792508,1.0465441005352571,1.1539645881447267
2025-07-14 12:07:36,1299.0,Boult X Mustang Dyno,boult,0,0.0,1,13.0,buy,0,7,14,12,1499.0,1299.0,-200.0,-0.133422281521014,1365.6666666666667,1299.0,1499.0,115.47005383792508,0.9511837930192824,1.0
2025-07-19 05:07:38,1499.0,Boult X Mustang Dyno,boult,0,0.0,1,13.0,wait,5,7,19,5,1299.0,1499.0,200.0,0.15396458814472672,1432.3333333333333,1299.0,1499.0,115.47005383792508,1.0465441005352571,1.1539645881447267
2025-07-31 17:05:25,1299.0,Boult X Mustang Dyno,boult,0,0.0,1,13.0,buy,3,7,31,17,1499.0,1299.0,-200.0,-0.133422281521014,1365.6666666666667,1299.0,1499.0,115.47005383792508,0.9511837930192824,1.0
2025-08-06 11:15:46,1499.0,Boult X Mustang Dyno,boult,0,0.0,1,13.0,wait,2,8,6,11,1299.0,1499.0,200.0,0.15396458814472672,1432.3333333333333,1299.0,1499.0,115.47005383792508,1.0465441005352571,1.1539645881447267
2025-08-08 20:10:57,1299.0,Boult X Mustang Dyno,boult,0,0.0,1,13.0,buy,4,8,8,20,1499.0,1299.0,-200.0,-0.133422281521014,1365.6666666666667,1299.0,1499.0,115.47005383792508,0.9511837930192824,1.0
2025-08-17 17:40:24,1499.0,Boult X Mustang Dyno,boult,0,0.0,1,13.0,wait,6,8,17,17,1299.0,1499.0,200.0,0.15396458814472672,1432.3333333333333,1299.0,1499.0,115.47005383792508,1.0465441005352571,1.1539645881447267
2025-08-19 19:52:24,1299.0,Boult X Mustang Dyno,boult,0,0.0,1,13.0,buy,1,8,19,19,1499.0,1299.0,-200.0,-0.133422281521014,1365.6666666666667,1299.0,1499.0,115.47005383792508,0.9511837930192824,1.0
2025-08-21 06:56:00,1499.0,Boult X Mustang Dyno,boult,0,0.0,1,13.0,wait,3,8,21,6,1299.0,1499.0,200.0,0.15396458814472672,1432.3333333333333,1299.0,1499.0,115.47005383792508,1.0465441005352571,1.1539645881447267
2025-08-22 18:41:46,1299.0,Boult X Mustang Dyno,boult,0,0.0,1,13.0,buy,4,8,22,18,1499.0,1299.0,-200.0,-0.133422281521014,1365.6666666666667,1299.0,1499.0,115.47005383792508,0.9511837930192824,1.0
2025-08-26 06:11:09,1499.0,Boult X Mustang Dyno,boult,0,0.0,1,13.0,wait,1,8,26,6,1299.0,1499.0,200.0,0.15396458814472672,1432.3333333333333,1299.0,1499.0,115.47005383792508,1.0465441005352571,1.1539645881447267
2025-08-28 23:37:03,1299.0,Boult X Mustang Dyno,boult,0,0.0,1,13.0,wait,3,8,28,23,1499.0,1299.0,-200.0,-0.133422281521014,1365.6666666666667,1299.0,1499.0,115.47005383792508,0.9511837930192824,1.0
2025-09-04 16:08:29,1499.0,Boult X Mustang Dyno,boult,0,0.0,1,13.0,wait,3,9,4,16,1299.0,1499.0,200.0,0.15396458814472672,1432.3333333333333,1299.0,1499.0,115.47005383792508,1.0465441005352571,1.1539645881447267
2025-09-06 02:01:00,1299.0,Boult X Mustang Dyno,boult,0,0.0,1,13.0,wait,5,9,6,2,1499.0,1299.0,-200.0,-0.133422281521014,1365.6666666666667,1299.0,1499.0,115.47005383792508,0.9511837930192824,1.0
2025-09-13 19:22:25,1199.0,Boult X Mustang Dyno,boult,0,0.0,1,13.0,buy,5,9,13,19,1299.0,1499.0,-100.0,-0.07698229407236336,1332.3333333333333,1199.0,1499.0,152.75252316519456,0.8999249437077809,1.0
2025-09-18 07:34:21,1299.0,Boult X Mustang Dyno,boult,0,0.0,1,13.0,buy,3,9,18,7,1199.0,1299.0,100.0,0.08340283569641367,1265.6666666666667,1199.0,1299.0,57.73502691896221,1.0263365815117198,1.0834028356964136
2025-03-01 11:26:00,1999.0,Boult X Mustang Torq,boult,0,0.0,1,13.0,wait,5,3,1,11,1799.0,1499.0,200.0,0.11117287381878821,1765.6666666666667,1499.0,1999.0,251.6611478423583,1.1321502737398528,1.333555703802535
2025-03-01 14:04:52,1799.0,Boult X Mustang Torq,boult,0,0.0,1,13.0,buy,5,3,1,14,1999.0,1799.0,-200.0,-0.10005002501250625,1865.6666666666667,1799.0,1999.0,115.47005383792505,0.9642665713775236,1.0
2025-03-01 18:33:45,1999.0,Boult X Mustang Torq,boult,0,0.0,1,13.0,wait,5,3,1,18,1799.0,1999.0,200.0,0.11117287381878821,1932.3333333333333,1799.0,1999.0,115.47005383792505,1.0345006037605657,1.1111728738187883
2025-03-02 03:34:09,1799.0,Boult X Mustang Torq,boult,0,0.0,1,13.0,buy,6,3,2,3,1999.0,1799.0,-200.0,-0.10005002501250625,1865.6666666666667,1799.0,1999.0,115.47005383792505,0.9642665713775236,1.0
2025-03-03 06:54:42,1999.0,Boult X Mustang Torq,boult,0,0.0,1,13.0,buy,0,3,3,6,1799.0,1999.0,200.0,0.11117287381878821,1932.3333333333333,1799.0,1999.0,115.47005383792505,1.0345006037605657,1.1111728738187883
2025-04-15 08:23:02,1799.0,Boult X Mustang Torq,boult,0,0.0,1,13.0,buy,1,4,15,8,1999.0,1799.0,-200.0,-0.10005002501250625,1865.6666666666667,1799.0,1999.0,115.47005383792505,0.9642665713775236,1.0
2025-04-16 18:45:02,1499.0,Boult X Mustang Torq,boult,0,0.0,1,13.0,buy,2,4,16,18,1799.0,1999.0,-300.0,-0.16675931072818231,1765.6666666666667,1499.0,1999.0,251.6611478423583,0.8489711157258826,1.0
2025-04-19 00:39:59,1799.0,Boult X Mustang Torq,boult,0,0.0,1,13.0,wait,5,4,19,0,1499.0,1799.0,300.0,0.200133422281521,1699.0,1499.0,1799.0,173.20508075688772,1.0588581518540319,1.200133422281521
2025-04-28 06:11:30,1999.0,Boult X Mustang Torq,boult,0,0.0,1,13.0,wait,0,4,28,6,1799.0,1499.0,200.0,0.11117287381878821,1765.6666666666667,1499.0,1999.0,251.6611478423583,1.1321502737398528,1.333555703802535
2025-05-01 06:09:15,1799.0,Boult X Mustang Torq,boult,0,0.0,1,13.0,wait,3,5,1,6,1999.0,1799.0,-200.0,-0.10005002501250625,1865.6666666666667,1799.0,1999.0,115.47005383792505,0.9642665713775236,1.0
2025-05-24 03:07:00,1599.0,Boult X Mustang Torq,boult,0,0.0,1,13.0,buy,5,5,24,3,1799.0,1999.0,-200.0,-0.11117287381878821,1799.0,1599.0,1999.0,199.99999999999991,0.8888271261812117,1.0
2025-05-26 06:36:05,1799.0,Boult X Mustang Torq,boult,0,0.0,1,13.0,buy,0,5,26,6,1599.0,1799.0,200.0,0.12507817385866166,1732.3333333333333,1599.0,1799.0,115.47005383792505,1.0384837406195884,1.1250781738586617
2025-05-26 09:24:21,1899.0,Boult X Mustang Torq,boult,0,0.0,1,13.0,wait,0,5,26,9,1799.0,1599.0,100.0,0.055586436909394105,1765.6666666666667,1599.0,1899.0,152.75252316519453,1.0755144421370586,1.1876172607879925
2025-05-26 14:44:21,1799.0,Boult X Mustang Torq,boult,0,0.0,1,13.0,buy,0,5,26,14,1899.0,1799.0,-100.0,-0.0526592943654555,1832.3333333333333,1799.0,1899.0,57.73502691896215,0.9818082590503912,1.0
2025-05-27 17:30:59,1899.0,Boult X Mustang Torq,boult,0,0.0,1,13.0,wait,1,5,27,17,1799.0,1899.0,100.0,0.055586436909394105,1865.6666666666667,1799.0,1899.0,57.73502691896215,1.017866714311238,1.0555864369093941
2025-05-29 10:27:37,1999.0,Boult X Mustang Torq,boult,0,0.0,1,13.0,wait,3,5,29,10,1899.0,1799.0,100.0,0.0526592943654555,1899.0,1799.0,1999.0,99.99999999999976,1.0526592943654556,1.1111728738187883
2025-05-31 07:47:12,1799.0,Boult X Mustang Torq,boult,0,0.0,1,13.0,wait,5,5,31,7,1999.0,1899.0,-200.0,-0.10005002501250625,1899.0,1799.0,1999.0,99.99999999999976,0.9473407056345445,1.0
2025-06-03 12:39:25,1999.0,Boult X Mustang Torq,boult,0,0.0,1,13.0,wait,1,6,3,12,1799.0,1999.0,200.0,0.11117287381878821,1932.3333333333333,1799.0,1999.0,115.47005383792497,1.0345006037605657,1.1111728738187883
2025-06-21 01:28:57,1599.0,Boult X Mustang Torq,boult,0,0.0,1,13.0,buy,5,6,21,1,1999.0,1799.0,-400.0,-0.2001000500250125,1799.0,1599.0,1999.0,199.9999999999999,0.8888271261812117,1.0
2025-06-23 06:08:39,1799.0,Boult X Mustang Torq,boult,0,0.0,1,13.0,buy,0,6,23,6,1599.0,1999.0,200.0,0.12507817385866166,1799.0,1599.0,1999.0,199.9999999999999,1.0,1.1250781738586617
2025-06-27 04:15:27,1999.0,Boult X Mustang Torq,boult,0,0.0,1,13.0,wait,4,6,27,4,1799.0,1599.0,200.0,0.11117287381878821,1799.0,1599.0,1999.0,199.9999999999999,1.1111728738187883,1.2501563477173234
2025-07-10 19:14:25,1799.0,Boult X Mustang Torq,boult,0,0.0,1,13.0,buy,3,7,10,19,1999.0,1799.0,-200.0,-0.10005002501250625,1865.6666666666667,1799.0,1999.0,115.47005383792498,0.9642665713775236,1.0
2025-07-15 10:14:27,1999.0,Boult X Mustang Torq,boult,0,0.0,1,13.0,wait,1,7,15,10,1799.0,1999.0,200.0,0.11117287381878821,1932.3333333333333,1799.0,1999.0,115.47005383792498,1.0345006037605657,1.1111728738187883
2025-07-15 14:49:46,1799.0,Boult X Mustang Torq,boult,0,0.0,1,13.0,buy,1,7,15,14,1999.0,1799.0,-200.0,-0.10005002501250625,1865.6666666666667,1799.0,1999.0,115.47005383792498,0.9642665713775236,1.0
2025-07-16 11:05:32,1999.0,Boult X Mustang Torq,boult,0,0.0,1,13.0,wait,2,7,16,11,1799.0,1999.0,200.0,0.11117287381878821,1932.3333333333333,1799.0,1999.0,115.47005383792498,1.0345006037605657,1.1111728738187883
2025-07-17 06:47:39,1799.0,Boult X Mustang Torq,boult,0,0.0,1,13.0,wait,3,7,17,6,1999.0,1799.0,-200.0,-0.10005002501250625,1865.6666666666667,1799.0,1999.0,115.47005383792498,0.9642665713775236,1.0
2025-07-18 09:34:25,1999.0,Boult X Mustang Torq,boult,0,0.0,1,13.0,wait,4,7,18,9,1799.0,1999.0,200.0,0.11117287381878821,1932.3333333333333,1799.0,1999.0,115.47005383792498,1.0345006037605657,1.1111728738187883
2025-07-25 03:43:04,1799.0,Boult X Mustang Torq,boult,0,0.0,1,13.0,wait,4,7,25,3,1999.0,1799.0,-200.0,-0.10005002501250625,1865.6666666666667,1799.0,1999.0,115.47005383792498,0.9642665713775236,1.0
2025-07-28 01:30:17,1499.0,Boult X Mustang Torq,boult,0,0.0,1,13.0,buy,0,7,28,1,1799.0,1999.0,-300.0,-0.16675931072818231,1765.6666666666667,1499.0,1999.0,251.66114784235828,0.8489711157258826,1.0
2025-07-29 03:58:13,1799.0,Boult X Mustang Torq,boult,0,0.0,1,13.0,wait,1,7,29,3,1499.0,1799.0,300.0,0.200133422281521,1699.0,1499.0,1799.0,173.2050807568877,1.0588581518540319,1.200133422281521
2025-07-31 01:49:58,1599.0,Boult X Mustang Torq,boult,0,0.0,1,13.0,buy,3,7,31,1,1799.0,1499.0,-200.0,-0.11117287381878821,1632.3333333333333,1499.0,1799.0,152.75252316519462,0.9795793342862977,1.066711140760507
2025-08-04 07:53:05,1799.0,Boult X Mustang Torq,boult,0,0.0,1,13.0,wait,0,8,4,7,1599.0,1799.0,200.0,0.12507817385866166,1732.3333333333333,1599.0,1799.0,115.47005383792514,1.0384837406195884,1.1250781738586617
2025-08-10 15:12:47,1599.0,Boult X Mustang Torq,boult,0,0.0,1,13.0,buy,6,8,10,15,1799.0,1599.0,-200.0,-0.11117287381878821,1665.6666666666667,1599.0,1799.0,115.47005383792514,0.9599759855913548,1.0
2025-08-11 09:42:07,1799.0,Boult X Mustang Torq,boult,0,0.0,1,13.0,wait,0,8,11,9,1599.0,1799.0,200.0,0.12507817385866166,1732.3333333333333,1599.0,1799.0,115.47005383792514,1.0384837406195884,1.1250781738586617
2025-08-15 03:12:24,1599.0,Boult X Mustang Torq,boult,0,0.0,1,13.0,buy,4,8,15,3,1799.0,1599.0,-200.0,-0.11117287381878821,1665.6666666666667,1599.0,1799.0,115.47005383792514,0.9599759855913548,1.0
2025-08-17 06:39:26,1799.0,Boult X Mustang Torq,boult,0,0.0,1,13.0,buy,6,8,17,6,1599.0,1799.0,200.0,0.12507817385866166,1732.3333333333333,1599.0,1799.0,115.47005383792514,1.0384837406195884,1.1250781738586617
2025-08-20 10:43:24,1999.0,Boult X Mustang Torq,boult,0,0.0,1,13.0,wait,2,8,20,10,1799.0,1599.0,200.0,0.11117287381878821,1799.0,1599.0,1999.0,199.99999999999997,1.1111728738187883,1.2501563477173234
2025-08-20 18:36:04,1799.0,Boult X Mustang Torq,boult,0,0.0,1,13.0,wait,2,8,20,18,1999.0,1799.0,-200.0,-0.10005002501250625,1865.6666666666667,1799.0,1999.0,115.47005383792514,0.9642665713775236,1.0
2025-08-22 09:40:36,1999.0,Boult X Mustang Torq,boult,0,0.0,1,13.0,wait,4,8,22,9,1799.0,1999.0,200.0,0.11117287381878821,1932.3333333333333,1799.0,1999.0,115.47005383792514,1.0345006037605657,1.1111728738187883
2025-08-24 09:48:37,1799.0,Boult X Mustang Torq,boult,0,0.0,1,13.0,wait,6,8,24,9,1999.0,1799.0,-200.0,-0.10005002501250625,1865.6666666666667,1799.0,1999.0,115.47005383792514,0.9642665713775236,1.0
2025-08-28 11:29:46,1599.0,Boult X Mustang Torq,boult,0,0.0,1,13.0,buy,3,8,28,11,1799.0,1999.0,-200.0,-0.11117287381878821,1799.0,1599.0,1999.0,199.99999999999997,0.8888271261812117,1.0
2025-08-29 06:43:06,1799.0,Boult X Mustang Torq,boult,0,0.0,1,13.0,wait,4,8,29,6,1599.0,1799.0,200.0,0.12507817385866166,1732.3333333333333,1599.0,1799.0,115.47005383792514,1.0384837406195884,1.1250781738586617
2025-09-01 11:07:42,1599.0,Boult X Mustang Torq,boult,0,0.0,1,13.0,wait,0,9,1,11,1799.0,1599.0,-200.0,-0.11117287381878821,1665.6666666666667,1599.0,1799.0,115.47005383792514,0.9599759855913548,1.0
2025-09-03 08:57:38,1799.0,Boult X Mustang Torq,boult,0,0.0,1,13.0,wait,2,9,3,8,1599.0,1799.0,200.0,0.12507817385866166,1732.3333333333333,1599.0,1799.0,115.47005383792514,1.0384837406195884,1.1250781738586617
2025-09-08 09:54:12,1499.0,Boult X Mustang Torq,boult,0,0.0,1,13.0,buy,0,9,8,9,1799.0,1599.0,-300.0,-0.16675931072818231,1632.3333333333333,1499.0,1799.0,152.75252316519462,0.9183173371451909,1.0
2025-09-11 14:51:07,1599.0,Boult X Mustang Torq,boult,0,0.0,1,13.0,wait,3,9,11,14,1499.0,1799.0,100.0,0.066711140760507,1632.3333333333333,1499.0,1799.0,152.75252316519462,0.9795793342862977,1.066711140760507
2025-09-14 16:10:57,1499.0,Boult X Mustang Torq,boult,0,0.0,1,13.0,buy,6,9,14,16,1599.0,1499.0,-100.0,-0.06253908692933083,1532.3333333333333,1499.0,1599.0,57.73502691896234,0.9782466826190994,1.0
2025-09-15 14:34:21,1799.0,Boult X Mustang Torq,boult,0,0.0,1,13.0,wait,0,9,15,14,1499.0,1599.0,300.0,0.200133422281521,1632.3333333333333,1499.0,1799.0,152.75252316519462,1.1021033285685113,1.200133422281521
2025-09-17 08:57:18,1499.0,Boult X Mustang Torq,boult,0,0.0,1,13.0,buy,2,9,17,8,1799.0,1499.0,-300.0,-0.16675931072818231,1599.0,1499.0,1799.0,173.2050807568877,0.9374609130706691,1.0
2025-09-18 05:45:50,1799.0,Boult X Mustang Torq,boult,0,0.0,1,13.0,buy,3,9,18,5,1499.0,1799.0,300.0,0.200133422281521,1699.0,1499.0,1799.0,173.2050807568877,1.0588581518540319,1.200133422281521
2025-07-10 20:15:41,5999.0,Oneplus Buds 4,oneplus,1,55.0,0,12.4,buy,3,7,10,20,6328.0,5999.0,-329.0,-0.051991150442477874,6108.666666666667,5999.0,6328.0,189.94823856338695,0.9820473644003055,1.0
2025-07-14 16:31:23,5899.0,Oneplus Buds 4,oneplus,1,55.0,0,12.4,buy,0,7,14,16,5999.0,6328.0,-100.0,-0.01666944490748458,6075.333333333333,5899.0,6328.0,224.45563778469298,0.9709755294634039,1.0
2025-07-14 19:28:15,6499.0,Oneplus Buds 4,oneplus,1,55.0,0,12.4,wait,0,7,14,19,5899.0,5999.0,600.0,0.101712154602475,6132.333333333333,5899.0,6499.0,321.4550253664318,1.0597923574495842,1.101712154602475
2025-07-14 22:37:00,5999.0,Oneplus Buds 4,oneplus,1,55.0,0,12.4,buy,0,7,14,22,6499.0,5899.0,-500.0,-0.07693491306354824,6132.333333333333,5899.0,6499.0,321.4550253664318,0.9782573245637877,1.0169520257670792
2025-07-30 15:06:14,6328.0,Oneplus Buds 4,oneplus,1,55.0,0,12.4,wait,2,7,30,15,5999.0,6499.0,329.0,0.05484247374562427,6275.333333333333,5999.0,6499.0,254.12660886521383,1.008392648464889,1.0548424737456243
2025-07-30 20:20:35,5999.0,Oneplus Buds 4,oneplus,1,55.0,0,12.4,buy,2,7,30,20,6328.0,5999.0,-329.0,-0.051991150442477874,6108.666666666667,5999.0,6328.0,189.94823856338692,0.9820473644003055,1.0
2025-08-03 04:45:20,5879.0,Oneplus Buds 4,oneplus,1,55.0,0,12.4,buy,6,8,3,4,5999.0,6328.0,-120.0,-0.020003333888981498,6068.666666666667,5879.0,6328.0,232.4657680892681,0.9687465670658024,1.0
2025-08-08 09:46:04,5999.0,Oneplus Buds 4,oneplus,1,55.0,0,12.4,buy,4,8,8,9,5879.0,5999.0,120.0,0.020411634631740092,5959.0,5879.0,5999.0,69.28203230275578,1.0067125356603457,1.02041163463174
2024-12-20 02:36:23,2529.0,Oneplus Nord Buds 3,oneplus,1,32.0,0,12.4,wait,4,12,20,2,2099.0,2099.0,430.0,0.20485945688423057,2242.3333333333335,2099.0,2529.0,248.260615751539,1.1278430206629997,1.2048594568842306
2024-12-23 16:27:09,2594.0,Oneplus Nord Buds 3,oneplus,1,32.0,0,12.4,wait,0,12,23,16,2529.0,2099.0,65.0,0.025701858442071967,2407.3333333333335,2099.0,2594.0,268.99504332484133,1.0775408474106896,1.2358265840876608
2025-01-08 03:32:31,2299.0,Oneplus Nord Buds 3,oneplus,1,32.0,0,12.4,wait,2,1,8,3,2594.0,2529.0,-295.0,-0.11372397841171936,2474.0,2299.0,2594.0,154.99999999999963,0.929264349232013,1.0
2025-01-13 01:56:18,2099.0,Oneplus Nord Buds 3,oneplus,1,32.0,0,12.4,wait,0,1,13,1,2299.0,2594.0,-200.0,-0.08699434536755112,2330.6666666666665,2099.0,2594.0,249.01472513354142,0.9006006864988559,1.0
2025-01-14 10:38:16,1999.0,Oneplus Nord Buds 3,oneplus,1,32.0,0,12.4,buy,1,1,14,10,2099.0,2299.0,-100.0,-0.04764173415912339,2132.3333333333335,1999.0,2299.0,152.75252316519416,0.9374706893856495,1.0
2025-01-28 06:23:53,2299.0,Oneplus Nord Buds 3,oneplus,1,32.0,0,12.4,wait,1,1,28,6,1999.0,2099.0,300.0,0.1500750375187594,2132.3333333333335,1999.0,2299.0,152.75252316519416,1.078161638267938,1.1500750375187594
2025-02-01 01:54:03,1999.0,Oneplus Nord Buds 3,oneplus,1,32.0,0,12.4,buy,5,2,1,1,2299.0,1999.0,-300.0,-0.13049151805132667,2099.0,1999.0,2299.0,173.20508075688727,0.9523582658408766,1.0
2025-02-03 10:13:11,2299.0,Oneplus Nord Buds 3,oneplus,1,32.0,0,12.4,wait,0,2,3,10,1999.0,2299.0,300.0,0.1500750375187594,2199.0,1999.0,2299.0,173.20508075688727,1.045475216007276,1.1500750375187594
2025-02-03 11:17:07,1999.0,Oneplus Nord Buds 3,oneplus,1,32.0,0,12.4,buy,0,2,3,11,2299.0,1999.0,-300.0,-0.13049151805132667,2099.0,1999.0,2299.0,173.20508075688727,0.9523582658408766,1.0
2025-02-04 04:40:59,2299.0,Oneplus Nord Buds 3,oneplus,1,32.0,0,12.4,wait,1,2,4,4,1999.0,2299.0,300.0,0.1500750375187594,2199.0,1999.0,2299.0,173.20508075688727,1.045475216007276,1.1500750375187594
2025-02-06 02:23:17,1999.0,Oneplus Nord Buds 3,oneplus,1,32.0,0,12.4,buy,3,2,6,2,2299.0,1999.0,-300.0,-0.13049151805132667,2099.0,1999.0,2299.0,173.20508075688727,0.9523582658408766,1.0
2025-02-22 15:28:41,2299.0,Oneplus Nord Buds 3,oneplus,1,32.0,0,12.4,wait,5,2,22,15,1999.0,2299.0,300.0,0.1500750375187594,2199.0,1999.0,2299.0,173.20508075688727,1.045475216007276,1.1500750375187594
2025-03-01 16:14:06,1999.0,Oneplus Nord Buds 3,oneplus,1,32.0,0,12.4,buy,5,3,1,16,2299.0,1999.0,-300.0,-0.13049151805132667,2099.0,1999.0,2299.0,173.20508075688727,0.9523582658408766,1.0
2025-03-13 10:33:56,2299.0,Oneplus Nord Buds 3,oneplus,1,32.0,0,12.4,wait,3,3,13,10,1999.0,2299.0,300.0,0.1500750375187594,2199.0,1999.0,2299.0,173.20508075688727,1.045475216007276,1.1500750375187594
2025-03-21 11:03:40,1999.0,Oneplus Nord Buds 3,oneplus,1,32.0,0,12.4,buy,4,3,21,11,2299.0,1999.0,-300.0,-0.13049151805132667,2099.0,1999.0,2299.0,173.20508075688727,0.9523582658408766,1.0
2025-03-27 16:41:32,2299.0,Oneplus Nord Buds 3,oneplus,1,32.0,0,12.4,wait,3,3,27,16,1999.0,2299.0,300.0,0.1500750375187594,2199.0,1999.0,2299.0,173.20508075688727,1.045475216007276,1.1500750375187594
2025-04-01 09:09:39,1999.0,Oneplus Nord Buds 3,oneplus,1,32.0,0,12.4,buy,1,4,1,9,2299.0,1999.0,-300.0,-0.13049151805132667,2099.0,1999.0,2299.0,173.20508075688727,0.9523582658408766,1.0
2025-04-06 08:05:08,2299.0,Oneplus Nord Buds 3,oneplus,1,32.0,0,12.4,wait,6,4,6,8,1999.0,2299.0,300.0,0.1500750375187594,2199.0,1999.0,2299.0,173.20508075688727,1.045475216007276,1.1500750375187594
2025-04-08 01:03:56,1999.0,Oneplus Nord Buds 3,oneplus,1,32.0,0,12.4,wait,1,4,8,1,2299.0,1999.0,-300.0,-0.13049151805132667,2099.0,1999.0,2299.0,173.20508075688727,0.9523582658408766,1.0
2025-04-15 09:04:07,2299.0,Oneplus Nord Buds 3,oneplus,1,32.0,0,12.4,wait,1,4,15,9,1999.0,2299.0,300.0,0.1500750375187594,2199.0,1999.0,2299.0,173.20508075688727,1.045475216007276,1.1500750375187594
2025-04-30 19:08:12,1999.0,Oneplus Nord Buds 3,oneplus,1,32.0,0,12.4,wait,2,4,30,19,2299.0,1999.0,-300.0,-0.13049151805132667,2099.0,1999.0,2299.0,173.20508075688727,0.9523582658408766,1.0
2025-05-01 08:03:22,1899.0,Oneplus Nord Buds 3,oneplus,1,32.0,0,12.4,buy,3,5,1,8,1999.0,2299.0,-100.0,-0.05002501250625312,2065.6666666666665,1899.0,2299.0,208.16659994661285,0.9193157979667582,1.0
2025-05-03 10:46:44,1999.0,Oneplus Nord Buds 3,oneplus,1,32.0,0,12.4,buy,5,5,3,10,1899.0,1999.0,100.0,0.0526592943654555,1965.6666666666667,1899.0,1999.0,57.73502691896062,1.0169577751399017,1.0526592943654556
2025-05-09 16:37:17,2299.0,Oneplus Nord Buds 3,oneplus,1,32.0,0,12.4,wait,4,5,9,16,1999.0,1899.0,300.0,0.1500750375187594,2065.6666666666665,1899.0,2299.0,208.16659994661285,1.1129578828465387,1.210637177461822
2025-05-30 01:53:35,1999.0,Oneplus Nord Buds 3,oneplus,1,32.0,0,12.4,buy,4,5,30,1,2299.0,1999.0,-300.0,-0.13049151805132667,2099.0,1999.0,2299.0,173.20508075688727,0.9523582658408766,1.0
2025-06-03 11:56:37,2299.0,Oneplus Nord Buds 3,oneplus,1,32.0,0,12.4,wait,1,6,3,11,1999.0,2299.0,300.0,0.1500750375187594,2199.0,1999.0,2299.0,173.20508075688727,1.045475216007276,1.1500750375187594
2025-06-06 19:14:27,2099.0,Oneplus Nord Buds 3,oneplus,1,32.0,0,12.4,buy,4,6,6,19,2299.0,1999.0,-200.0,-0.08699434536755112,2132.3333333333335,1999.0,2299.0,152.75252316519416,0.9843676723464123,1.0500250125062531
2025-06-18 16:38:59,2299.0,Oneplus Nord Buds 3,oneplus,1,32.0,0,12.4,wait,2,6,18,16,2099.0,2299.0,200.0,0.09528346831824679,2232.3333333333335,2099.0,2299.0,115.47005383792438,1.0298641182619082,1.0952834683182469
2025-07-01 11:33:35,2099.0,Oneplus Nord Buds 3,oneplus,1,32.0,0,12.4,wait,1,7,1,11,2299.0,2099.0,-200.0,-0.08699434536755112,2165.6666666666665,2099.0,2299.0,115.47005383792438,0.9692165614899185,1.0
2025-07-07 12:18:21,2299.0,Oneplus Nord Buds 3,oneplus,1,32.0,0,12.4,wait,0,7,7,12,2099.0,2299.0,200.0,0.09528346831824679,2232.3333333333335,2099.0,2299.0,115.47005383792438,1.0298641182619082,1.0952834683182469
2025-07-10 14:51:03,2003.0,Oneplus Nord Buds 3,oneplus,1,32.0,0,12.4,wait,3,7,10,14,2299.0,2099.0,-296.0,-0.12875163114397564,2133.6666666666665,2003.0,2299.0,151.0143481041889,0.9387595688173723,1.0
2025-07-10 18:49:03,1899.0,Oneplus Nord Buds 3,oneplus,1,32.0,0,12.4,buy,3,7,10,18,2003.0,2299.0,-104.0,-0.05192211682476285,2067.0,1899.0,2299.0,207.53794833716512,0.918722786647315,1.0
2025-07-14 16:49:57,1849.0,Oneplus Nord Buds 3,oneplus,1,32.0,0,12.4,buy,0,7,14,16,1899.0,2003.0,-50.0,-0.02632964718272775,1917.0,1849.0,2003.0,78.56207736560826,0.96452790818988,1.0
2025-07-14 19:20:16,1899.0,Oneplus Nord Buds 3,oneplus,1,32.0,0,12.4,buy,0,7,14,19,1849.0,1899.0,50.0,0.02704164413196322,1882.3333333333333,1849.0,1899.0,28.867513459478154,1.0088542588985303,1.0270416441319632
2025-07-19 18:25:51,2299.0,Oneplus Nord Buds 3,oneplus,1,32.0,0,12.4,wait,5,7,19,18,1899.0,1849.0,400.0,0.210637177461822,2015.6666666666667,1849.0,2299.0,246.64414311581197,1.1405655697039854,1.243374797187669
2025-07-30 14:48:19,2003.0,Oneplus Nord Buds 3,oneplus,1,32.0,0,12.4,wait,2,7,30,14,2299.0,1899.0,-296.0,-0.12875163114397564,2067.0,1899.0,2299.0,207.53794833716506,0.96903725205612,1.0547656661400737
2025-07-30 18:42:39,1899.0,Oneplus Nord Buds 3,oneplus,1,32.0,0,12.4,buy,2,7,30,18,2003.0,2299.0,-104.0,-0.05192211682476285,2067.0,1899.0,2299.0,207.53794833716506,0.918722786647315,1.0
2025-08-08 02:02:12,2299.0,Oneplus Nord Buds 3,oneplus,1,32.0,0,12.4,wait,4,8,8,2,1899.0,2003.0,400.0,0.210637177461822,2067.0,1899.0,2299.0,207.53794833716506,1.112239961296565,1.210637177461822
2025-08-08 06:52:33,1899.0,Oneplus Nord Buds 3,oneplus,1,32.0,0,12.4,buy,4,8,8,6,2299.0,1899.0,-400.0,-0.17398869073510223,2032.3333333333333,1899.0,2299.0,230.94010767584982,0.9343939642447106,1.0
2025-08-18 17:19:12,2299.0,Oneplus Nord Buds 3,oneplus,1,32.0,0,12.4,buy,0,8,18,17,1899.0,2299.0,400.0,0.210637177461822,2165.6666666666665,1899.0,2299.0,230.94010767584987,1.0615668770201632,1.210637177461822
2025-09-04 21:06:52,1999.0,Oneplus Nord Buds 3R,oneplus,0,0.0,0,12.4,wait,3,9,4,21,1999.0,999.0,0.0,0.0,1665.6666666666667,999.0,1999.0,577.3502691896257,1.200120072043226,2.001001001001001
2025-09-05 05:06:55,1799.0,Oneplus Nord Buds 3R,oneplus,0,0.0,0,12.4,wait,4,9,5,5,1999.0,1999.0,-200.0,-0.10005002501250625,1932.3333333333333,1799.0,1999.0,115.47005383792487,0.9309987924788684,1.0
2025-09-06 06:54:00,1799.0,Oneplus Nord Buds 3R,oneplus,0,0.0,0,12.4,wait,5,9,6,6,1799.0,1999.0,0.0,0.0,1865.6666666666667,1799.0,1999.0,115.47005383792487,0.9642665713775236,1.0
2025-09-08 00:25:07,1599.0,Oneplus Nord Buds 3R,oneplus,0,0.0,0,12.4,buy,0,9,8,0,1799.0,1799.0,-200.0,-0.11117287381878821,1732.3333333333333,1599.0,1799.0,115.47005383792487,0.9230325187608236,1.0
2025-09-11 05:45:40,1799.0,Oneplus Nord Buds 3R,oneplus,0,0.0,0,12.4,wait,3,9,11,5,1599.0,1799.0,200.0,0.12507817385866166,1732.3333333333333,1599.0,1799.0,115.47005383792487,1.0384837406195884,1.1250781738586617
2025-09-22 19:13:50,1599.0,Oneplus Nord Buds 3R,oneplus,0,0.0,0,12.4,buy,0,9,22,19,1799.0,1599.0,-200.0,-0.11117287381878821,1665.6666666666667,1599.0,1799.0,115.47005383792487,0.9599759855913548,1.0
2025-04-09 10:26:34,2999.0,Realme Buds,realme,1,52.0,1,12.4,buy,2,4,9,10,3299.0,2799.0,-300.0,-0.09093664746892997,3032.3333333333335,2799.0,3299.0,251.66114784235833,0.9890073650654061,1.0714540907466952
2025-04-11 09:38:53,3299.0,Realme Buds,realme,1,52.0,1,12.4,wait,4,4,11,9,2999.0,3299.0,300.0,0.10003334444814939,3199.0,2999.0,3299.0,173.20508075688767,1.0312597686777119,1.1000333444481494
2025-04-15 13:33:38,3249.0,Realme Buds,realme,1,52.0,1,12.4,wait,1,4,15,13,3299.0,2999.0,-50.0,-0.01515610791148833,3182.3333333333335,2999.0,3299.0,160.72751268321582,1.0209489892112704,1.0833611203734579
2025-04-16 07:24:40,3299.0,Realme Buds,realme,1,52.0,1,12.4,wait,2,4,16,7,3249.0,3299.0,50.0,0.015389350569405972,3282.3333333333335,3249.0,3299.0,28.867513459480374,1.0050776886361328,1.015389350569406
2025-04-20 19:38:18,2999.0,Realme Buds,realme,1,52.0,1,12.4,buy,6,4,20,19,3299.0,3249.0,-300.0,-0.09093664746892997,3182.3333333333335,2999.0,3299.0,160.72751268321582,0.9423902796690059,1.0
2025-04-23 07:00:31,3299.0,Realme Buds,realme,1,52.0,1,12.4,wait,2,4,23,7,2999.0,3299.0,300.0,0.10003334444814939,3199.0,2999.0,3299.0,173.20508075688767,1.0312597686777119,1.1000333444481494
2025-04-24 19:07:07,3290.0,Realme Buds,realme,1,52.0,1,12.4,wait,3,4,24,19,3299.0,2999.0,-9.0,-0.002728099424067899,3196.0,2999.0,3299.0,170.66634114552284,1.0294117647058822,1.097032344114705
2025-04-25 10:02:38,3256.0,Realme Buds,realme,1,52.0,1,12.4,wait,4,4,25,10,3290.0,3299.0,-34.0,-0.01033434650455927,3281.6666666666665,3256.0,3299.0,22.678918257564856,0.9921787709497207,1.0
2025-04-25 21:26:27,3094.0,Realme Buds,realme,1,52.0,1,12.4,buy,4,4,25,21,3256.0,3290.0,-162.0,-0.049754299754299756,3213.3333333333335,3094.0,3290.0,104.7345851824187,0.962863070539419,1.0
2025-04-26 04:48:33,3288.0,Realme Buds,realme,1,52.0,1,12.4,buy,5,4,26,4,3094.0,3256.0,194.0,0.06270200387847447,3212.6666666666665,3094.0,3288.0,104.0064100588677,1.0234488483087778,1.0627020038784745
2025-04-28 08:37:31,3294.0,Realme Buds,realme,1,52.0,1,12.4,buy,0,4,28,8,3288.0,3094.0,6.0,0.0018248175182481751,3225.3333333333335,3094.0,3294.0,113.77756076368189,1.021289789169078,1.0646412411118293
2025-04-28 12:52:59,3299.0,Realme Buds,realme,1,52.0,1,12.4,wait,0,4,28,12,3294.0,3288.0,5.0,0.0015179113539769277,3293.6666666666665,3288.0,3299.0,5.50757054728401,1.0016192693047263,1.003345498783455
2025-04-29 04:18:29,3269.0,Realme Buds,realme,1,52.0,1,12.4,buy,1,4,29,4,3299.0,3294.0,-30.0,-0.009093664746892998,3287.3333333333335,3269.0,3299.0,16.07275126832096,0.9944230379233421,1.0
2025-04-29 05:32:46,3299.0,Realme Buds,realme,1,52.0,1,12.4,wait,1,4,29,5,3269.0,3299.0,30.0,0.009177118384827165,3289.0,3269.0,3299.0,17.32050807568821,1.0030404378230464,1.0091771183848273
2025-04-30 10:13:41,3177.0,Realme Buds,realme,1,52.0,1,12.4,wait,2,4,30,10,3299.0,3269.0,-122.0,-0.036980903304031525,3248.3333333333335,3177.0,3299.0,63.57148207595385,0.9780400205233453,1.0
2025-04-30 14:52:29,3244.0,Realme Buds,realme,1,52.0,1,12.4,wait,2,4,30,14,3177.0,3299.0,67.0,0.021089077746301543,3240.0,3177.0,3299.0,61.098281481560434,1.0012345679012347,1.0210890777463015
2025-04-30 18:56:47,2699.0,Realme Buds,realme,1,52.0,1,12.4,buy,2,4,30,18,3244.0,3177.0,-545.0,-0.1680024660912454,3040.0,2699.0,3244.0,297.2086808961003,0.8878289473684211,1.0
2025-05-01 06:45:00,2949.0,Realme Buds,realme,1,52.0,1,12.4,buy,3,5,1,6,2699.0,3244.0,250.0,0.09262689885142646,2964.0,2699.0,3244.0,272.8094573140748,0.9949392712550608,1.0926268988514265
2025-05-01 06:51:19,2899.0,Realme Buds,realme,1,52.0,1,12.4,buy,3,5,1,6,2949.0,2699.0,-50.0,-0.0169548999660902,2849.0,2699.0,2949.0,132.28756555322948,1.0175500175500176,1.0741015190811412
2025-05-01 08:13:05,2949.0,Realme Buds,realme,1,52.0,1,12.4,buy,3,5,1,8,2899.0,2949.0,50.0,0.017247326664367024,2932.3333333333335,2899.0,2949.0,28.867513459481003,1.0056837558258496,1.0172473266643671
2025-05-04 16:41:23,2899.0,Realme Buds,realme,1,52.0,1,12.4,buy,6,5,4,16,2949.0,2899.0,-50.0,-0.0169548999660902,2915.6666666666665,2899.0,2949.0,28.867513459481003,0.9942837544300903,1.0
2025-05-10 04:45:18,2994.0,Realme Buds,realme,1,52.0,1,12.4,buy,5,5,10,4,2899.0,2949.0,95.0,0.03276992066229734,2947.3333333333335,2899.0,2994.0,47.52192476461063,1.0158335218276409,1.0327699206622973
2025-05-12 08:19:58,2929.0,Realme Buds,realme,1,52.0,1,12.4,buy,0,5,12,8,2994.0,2899.0,-65.0,-0.02171008684034736,2940.6666666666665,2899.0,2994.0,48.562674281111335,0.9960326456585809,1.0103483959986201
2025-05-12 17:45:06,2979.0,Realme Buds,realme,1,52.0,1,12.4,buy,0,5,12,17,2929.0,2994.0,50.0,0.01707067258449983,2967.3333333333335,2929.0,2994.0,34.03429642776997,1.0039317007414064,1.0170706725844998
2025-05-13 09:40:50,2994.0,Realme Buds,realme,1,52.0,1,12.4,buy,1,5,13,9,2979.0,2929.0,15.0,0.005035246727089627,2967.3333333333335,2929.0,2994.0,34.03429642776997,1.0089867445517862,1.0221918743598497
2025-05-15 02:11:50,3244.0,Realme Buds,realme,1,52.0,1,12.4,buy,3,5,15,2,2994.0,2979.0,250.0,0.08350033400133601,3072.3333333333335,2979.0,3244.0,148.8567544095104,1.0558750135618964,1.0889560255119168
2025-05-17 19:01:57,3258.0,Realme Buds,realme,1,52.0,1,12.4,buy,5,5,17,19,3244.0,2994.0,14.0,0.004315659679408138,3165.3333333333335,2994.0,3258.0,148.54404509549775,1.0292754844144902,1.088176352705411
2025-05-20 14:01:37,3253.0,Realme Buds,realme,1,52.0,1,12.4,buy,1,5,20,14,3258.0,3244.0,-5.0,-0.001534683855125844,3251.6666666666665,3244.0,3258.0,7.094598884591702,1.0004100461301897,1.0027743526510482
2025-05-21 09:38:55,3238.0,Realme Buds,realme,1,52.0,1,12.4,buy,2,5,21,9,3253.0,3258.0,-15.0,-0.0046111281893636644,3249.6666666666665,3238.0,3258.0,10.40832999732663,0.9964098881936609,1.0
2025-05-21 18:04:41,3235.0,Realme Buds,realme,1,52.0,1,12.4,buy,2,5,21,18,3238.0,3253.0,-3.0,-0.0009264978381717109,3242.0,3235.0,3253.0,9.643650760988551,0.9978408389882788,1.0
2025-05-22 01:25:14,3234.0,Realme Buds,realme,1,52.0,1,12.4,buy,3,5,22,1,3235.0,3238.0,-1.0,-0.0003091190108191654,3235.6666666666665,3234.0,3238.0,2.081665999445689,0.999484907798496,1.0
2025-05-22 05:40:05,3230.0,Realme Buds,realme,1,52.0,1,12.4,buy,3,5,22,5,3234.0,3235.0,-4.0,-0.0012368583797155227,3233.0,3230.0,3235.0,2.6457513110484556,0.9990720692854933,1.0
2025-05-22 07:20:43,3243.0,Realme Buds,realme,1,52.0,1,12.4,buy,3,5,22,7,3230.0,3234.0,13.0,0.004024767801857585,3235.6666666666665,3230.0,3243.0,6.658328118473044,1.002266405686618,1.0040247678018577
2025-05-23 01:19:55,3237.0,Realme Buds,realme,1,52.0,1,12.4,buy,4,5,23,1,3243.0,3230.0,-6.0,-0.0018501387604070306,3236.6666666666665,3230.0,3243.0,6.506407098641232,1.0001029866117406,1.0021671826625387
2025-05-23 06:00:03,3243.0,Realme Buds,realme,1,52.0,1,12.4,buy,4,5,23,6,3237.0,3243.0,6.0,0.0018535681186283596,3241.0,3237.0,3243.0,3.464101615125694,1.0006170934896637,1.0018535681186285
2025-05-24 10:48:48,3225.0,Realme Buds,realme,1,52.0,1,12.4,buy,5,5,24,10,3243.0,3237.0,-18.0,-0.005550416281221091,3235.0,3225.0,3243.0,9.165151389907122,0.9969088098918083,1.0
2025-05-25 18:36:51,3193.0,Realme Buds,realme,1,52.0,1,12.4,buy,6,5,25,18,3225.0,3243.0,-32.0,-0.00992248062015504,3220.3333333333335,3193.0,3243.0,25.324559884295184,0.9915122658109926,1.0
2025-05-26 14:47:24,3198.0,Realme Buds,realme,1,52.0,1,12.4,buy,0,5,26,14,3193.0,3225.0,5.0,0.0015659254619480112,3205.3333333333335,3193.0,3225.0,17.214335111564903,0.997712146422629,1.001565925461948
2025-05-27 08:57:57,3223.0,Realme Buds,realme,1,52.0,1,12.4,buy,1,5,27,8,3198.0,3193.0,25.0,0.007817385866166354,3204.6666666666665,3193.0,3223.0,16.07275126831933,1.005720823798627,1.009395552771688
2025-05-27 15:30:45,3218.0,Realme Buds,realme,1,52.0,1,12.4,buy,1,5,27,15,3223.0,3198.0,-5.0,-0.0015513496742165685,3213.0,3198.0,3223.0,13.228756555320254,1.0015561780267663,1.0062539086929332
2025-05-28 05:29:08,3213.0,Realme Buds,realme,1,52.0,1,12.4,wait,2,5,28,5,3218.0,3223.0,-5.0,-0.0015537600994406464,3218.0,3213.0,3223.0,4.999999999992861,0.9984462399005594,1.0
2025-05-29 12:53:13,3207.0,Realme Buds,realme,1,52.0,1,12.4,wait,3,5,29,12,3213.0,3218.0,-6.0,-0.0018674136321195146,3212.6666666666665,3207.0,3218.0,5.507570547279562,0.9982361485785433,1.0
2025-05-29 18:41:52,3223.0,Realme Buds,realme,1,52.0,1,12.4,wait,3,5,29,18,3207.0,3213.0,16.0,0.004989086373557842,3214.3333333333335,3207.0,3223.0,8.082903768650207,1.0026962563517576,1.0049890863735578
2025-05-30 03:49:22,2994.0,Realme Buds,realme,1,52.0,1,12.4,buy,4,5,30,3,3223.0,3207.0,-229.0,-0.07105181507911883,3141.3333333333335,2994.0,3223.0,127.84495818503471,0.9530984719864176,1.0
2025-06-04 19:08:56,2999.0,Realme Buds,realme,1,52.0,1,12.4,buy,2,6,4,19,2994.0,3223.0,5.0,0.0016700066800267202,3072.0,2994.0,3223.0,130.7937307366066,0.9762369791666666,1.0016700066800268
2025-06-07 10:12:56,3248.0,Realme Buds,realme,1,52.0,1,12.4,buy,5,6,7,10,2999.0,2994.0,249.0,0.08302767589196398,3080.3333333333335,2994.0,3248.0,145.22511261256872,1.0544313385997186,1.0848363393453573
2025-06-08 18:12:41,3199.0,Realme Buds,realme,1,52.0,1,12.4,buy,6,6,8,18,3248.0,2999.0,-49.0,-0.015086206896551725,3148.6666666666665,2999.0,3248.0,131.91032307341703,1.0159856023713743,1.0666888962987662
2025-06-10 14:06:43,3193.0,Realme Buds,realme,1,52.0,1,12.4,wait,1,6,10,14,3199.0,3248.0,-6.0,-0.001875586120662707,3213.3333333333335,3193.0,3248.0,30.171730698342074,0.9936721991701244,1.0
2025-06-18 19:37:07,3209.0,Realme Buds,realme,1,52.0,1,12.4,wait,2,6,18,19,3193.0,3199.0,16.0,0.005010961478233636,3200.3333333333335,3193.0,3209.0,8.082903768651486,1.002708051244662,1.0050109614782337
2025-06-19 04:06:09,3299.0,Realme Buds,realme,1,52.0,1,12.4,wait,3,6,19,4,3209.0,3193.0,90.0,0.028046120286693673,3233.6666666666665,3193.0,3299.0,57.14309523759881,1.0202041026698279,1.033197619793298
2025-06-22 12:19:54,2999.0,Realme Buds,realme,1,52.0,1,12.4,buy,6,6,22,12,3299.0,3209.0,-300.0,-0.09093664746892997,3169.0,2999.0,3299.0,153.94804318340638,0.9463553171347429,1.0
2025-06-22 12:53:50,3299.0,Realme Buds,realme,1,52.0,1,12.4,wait,6,6,22,12,2999.0,3299.0,300.0,0.10003334444814939,3199.0,2999.0,3299.0,173.2050807568876,1.0312597686777119,1.1000333444481494
2025-06-22 20:12:20,3428.0,Realme Buds,realme,1,52.0,1,12.4,wait,6,6,22,20,3299.0,2999.0,129.0,0.03910275841163989,3242.0,2999.0,3428.0,220.10679226230152,1.0573719925971623,1.1430476825608535
2025-06-23 05:36:07,2999.0,Realme Buds,realme,1,52.0,1,12.4,buy,0,6,23,5,3428.0,3299.0,-429.0,-0.12514585764294048,3242.0,2999.0,3428.0,220.10679226230152,0.9250462677359654,1.0
2025-06-24 18:35:46,2949.0,Realme Buds,realme,1,52.0,1,12.4,buy,1,6,24,18,2999.0,3428.0,-50.0,-0.016672224074691565,3125.3333333333335,2949.0,3428.0,263.3065387211896,0.9435793515358362,1.0
2025-06-25 02:55:14,2999.0,Realme Buds,realme,1,52.0,1,12.4,buy,2,6,25,2,2949.0,2999.0,50.0,0.0169548999660902,2982.3333333333335,2949.0,2999.0,28.867513459481508,1.005588465407399,1.0169548999660902
2025-06-28 05:09:32,3299.0,Realme Buds,realme,1,52.0,1,12.4,wait,5,6,28,5,2999.0,2949.0,300.0,0.10003334444814939,3082.3333333333335,2949.0,3299.0,189.2969448600091,1.0702930680220613,1.1186842997626314
2025-06-28 07:00:05,2949.0,Realme Buds,realme,1,52.0,1,12.4,buy,5,6,28,7,3299.0,2999.0,-350.0,-0.1060927553804183,3082.3333333333335,2949.0,3299.0,189.2969448600091,0.9567427273710392,1.0
2025-06-28 15:10:47,3259.0,Realme Buds,realme,1,52.0,1,12.4,buy,5,6,28,15,2949.0,3299.0,310.0,0.10512037978975924,3169.0,2949.0,3299.0,191.57244060668012,1.0284001262227833,1.1051203797897593
2025-06-28 23:31:01,3299.0,Realme Buds,realme,1,52.0,1,12.4,wait,5,6,28,23,3259.0,2949.0,40.0,0.0122737035900583,3169.0,2949.0,3299.0,191.57244060668012,1.0410224045440202,1.1186842997626314
2025-06-30 08:25:55,3259.0,Realme Buds,realme,1,52.0,1,12.4,wait,0,6,30,8,3299.0,3259.0,-40.0,-0.012124886329190664,3272.3333333333335,3259.0,3299.0,23.094010767584592,0.9959254354690842,1.0
2025-06-30 17:38:34,3299.0,Realme Buds,realme,1,52.0,1,12.4,wait,0,6,30,17,3259.0,3299.0,40.0,0.0122737035900583,3285.6666666666665,3259.0,3299.0,23.094010767584592,1.0040580298265194,1.0122737035900582
2025-07-04 17:10:44,2999.0,Realme Buds,realme,1,52.0,1,12.4,buy,4,7,4,17,3299.0,3259.0,-300.0,-0.09093664746892997,3185.6666666666665,2999.0,3299.0,162.8905563049414,0.941404206340902,1.0
2025-07-06 09:21:40,3299.0,Realme Buds,realme,1,52.0,1,12.4,wait,6,7,6,9,2999.0,3299.0,300.0,0.10003334444814939,3199.0,2999.0,3299.0,173.20508075688758,1.0312597686777119,1.1000333444481494
2025-07-07 06:00:52,3249.0,Realme Buds,realme,1,52.0,1,12.4,wait,0,7,7,6,3299.0,2999.0,-50.0,-0.01515610791148833,3182.3333333333335,2999.0,3299.0,160.72751268321574,1.0209489892112704,1.0833611203734579
2025-07-07 17:47:18,3299.0,Realme Buds,realme,1,52.0,1,12.4,wait,0,7,7,17,3249.0,3299.0,50.0,0.015389350569405972,3282.3333333333335,3249.0,3299.0,28.86751345947987,1.0050776886361328,1.015389350569406
2025-07-10 18:21:02,2978.0,Realme Buds,realme,1,52.0,1,12.4,wait,3,7,10,18,3299.0,3249.0,-321.0,-0.09730221279175508,3175.3333333333335,2978.0,3299.0,172.71460081108742,0.937854293512492,1.0
2025-07-11 02:00:00,2799.0,Realme Buds,realme,1,52.0,1,12.4,buy,4,7,11,2,2978.0,3299.0,-179.0,-0.06010745466756212,3025.3333333333335,2799.0,3299.0,253.33837714277186,0.9251873071837814,1.0
2025-07-14 18:32:52,2999.0,Realme Buds,realme,1,52.0,1,12.4,wait,0,7,14,18,2799.0,2978.0,200.0,0.07145409074669525,2925.3333333333335,2799.0,2999.0,109.91056970707294,1.0251823154056516,1.0714540907466952
2025-07-14 19:08:56,2799.0,Realme Buds,realme,1,52.0,1,12.4,buy,0,7,14,19,2999.0,2799.0,-200.0,-0.06668889629876626,2865.6666666666665,2799.0,2999.0,115.47005383792516,0.976736070722345,1.0
2025-07-19 07:42:18,3299.0,Realme Buds,realme,1,52.0,1,12.4,wait,5,7,19,7,2799.0,2999.0,500.0,0.17863522686673813,3032.3333333333335,2799.0,3299.0,251.66114784235828,1.0879410794767506,1.1786352268667382
2025-07-24 04:35:54,2949.0,Realme Buds,realme,1,52.0,1,12.4,buy,3,7,24,4,3299.0,2799.0,-350.0,-0.1060927553804183,3015.6666666666665,2799.0,3299.0,256.5800719723441,0.9778932242732398,1.0535905680600215
2025-07-24 15:46:23,3299.0,Realme Buds,realme,1,52.0,1,12.4,wait,3,7,24,15,2949.0,3299.0,350.0,0.1186842997626314,3182.3333333333335,2949.0,3299.0,202.07259421636897,1.0366607311197233,1.1186842997626314
2025-07-26 23:03:11,2999.0,Realme Buds,realme,1,52.0,1,12.4,wait,5,7,26,23,3299.0,2949.0,-300.0,-0.09093664746892997,3082.3333333333335,2949.0,3299.0,189.29694486000912,0.9729642046068995,1.0169548999660902
2025-07-30 14:31:31,3299.0,Realme Buds,realme,1,52.0,1,12.4,wait,2,7,30,14,2999.0,3299.0,300.0,0.10003334444814939,3199.0,2999.0,3299.0,173.2050807568877,1.0312597686777119,1.1000333444481494
2025-07-30 19:10:55,2799.0,Realme Buds,realme,1,52.0,1,12.4,buy,2,7,30,19,3299.0,2999.0,-500.0,-0.15156107911488328,3032.3333333333335,2799.0,3299.0,251.66114784235833,0.9230515554578432,1.0
2025-08-09 12:45:56,3299.0,Realme Buds,realme,1,52.0,1,12.4,wait,5,8,9,12,2799.0,3299.0,500.0,0.17863522686673813,3132.3333333333335,2799.0,3299.0,288.67513459481285,1.0532084707885494,1.1786352268667382
2025-09-12 16:04:20,3298.0,Realme Buds,realme,1,52.0,1,12.4,wait,4,9,12,16,3299.0,2799.0,-1.0,-0.0003031221582297666,3132.0,2799.0,3299.0,288.3868929060404,1.053001277139208,1.1782779564130046
2025-09-13 16:44:06,3299.0,Realme Buds,realme,1,52.0,1,12.4,wait,5,9,13,16,3298.0,3299.0,1.0,0.00030321406913280777,3298.6666666666665,3298.0,3299.0,0.5773502691896586,1.0001010509296686,1.0003032140691328
2025-09-25 11:01:28,2799.0,Realme Buds,realme,1,52.0,1,12.4,buy,3,9,25,11,3299.0,3298.0,-500.0,-0.15156107911488328,3132.0,2799.0,3299.0,288.3868929060404,0.8936781609195402,1.0
2025-06-16 03:33:47,1399.0,Realme Buds T200X True,realme,1,25.0,0,12.4,wait,0,6,16,3,1399.0,1399.0,0.0,0.0,1399.0,1399.0,1399.0,0.0,1.0,1.0
2025-06-29 18:24:52,1599.0,Realme Buds T200X True,realme,1,25.0,0,12.4,wait,6,6,29,18,1399.0,1399.0,200.0,0.14295925661186562,1465.6666666666667,1399.0,1599.0,115.47005383792512,1.090971116670457,1.1429592566118656
2025-07-10 15:06:26,1382.0,Realme Buds T200X True,realme,1,25.0,0,12.4,wait,3,7,10,15,1599.0,1399.0,-217.0,-0.1357098186366479,1460.0,1382.0,1599.0,120.67725552066548,0.9465753424657535,1.0
2025-07-11 06:22:33,1299.0,Realme Buds T200X True,realme,1,25.0,0,12.4,buy,4,7,11,6,1382.0,1599.0,-83.0,-0.060057887120115776,1426.6666666666667,1299.0,1599.0,154.9074992804846,0.9105140186915888,1.0
2025-07-18 12:17:31,1380.0,Realme Buds T200X True,realme,1,25.0,0,12.4,wait,4,7,18,12,1299.0,1382.0,81.0,0.06235565819861432,1353.6666666666667,1299.0,1382.0,47.353282181210375,1.0194533366165968,1.0623556581986142
2025-07-18 16:11:28,1299.0,Realme Buds T200X True,realme,1,25.0,0,12.4,buy,4,7,18,16,1380.0,1299.0,-81.0,-0.058695652173913045,1326.0,1299.0,1380.0,46.76537180435973,0.9796380090497737,1.0
2025-07-19 16:37:35,1599.0,Realme Buds T200X True,realme,1,25.0,0,12.4,wait,5,7,19,16,1299.0,1380.0,300.0,0.23094688221709006,1426.0,1299.0,1599.0,155.19987113396712,1.1213183730715288,1.2309468822170901
2025-07-22 07:01:57,1499.0,Realme Buds T200X True,realme,1,25.0,0,12.4,wait,1,7,22,7,1599.0,1299.0,-100.0,-0.06253908692933083,1465.6666666666667,1299.0,1599.0,152.75252316519467,1.0227427791676142,1.1539645881447267
2025-07-22 09:52:55,1599.0,Realme Buds T200X True,realme,1,25.0,0,12.4,wait,1,7,22,9,1499.0,1599.0,100.0,0.066711140760507,1565.6666666666667,1499.0,1599.0,57.7350269189625,1.0212901852246115,1.066711140760507
2025-07-22 19:24:22,1499.0,Realme Buds T200X True,realme,1,25.0,0,12.4,wait,1,7,22,19,1599.0,1499.0,-100.0,-0.06253908692933083,1532.3333333333333,1499.0,1599.0,57.7350269189625,0.9782466826190994,1.0
2025-07-23 06:32:16,1399.0,Realme Buds T200X True,realme,1,25.0,0,12.4,buy,2,7,23,6,1499.0,1599.0,-100.0,-0.066711140760507,1499.0,1399.0,1599.0,99.99999999999996,0.933288859239493,1.0
2025-07-29 06:06:22,1599.0,Realme Buds T200X True,realme,1,25.0,0,12.4,wait,1,7,29,6,1399.0,1499.0,200.0,0.14295925661186562,1499.0,1399.0,1599.0,99.99999999999996,1.066711140760507,1.1429592566118656
2025-07-29 16:33:58,1499.0,Realme Buds T200X True,realme,1,25.0,0,12.4,wait,1,7,29,16,1599.0,1399.0,-100.0,-0.06253908692933083,1499.0,1399.0,1599.0,99.99999999999996,1.0,1.071479628305933
2025-07-30 16:03:57,1375.0,Realme Buds T200X True,realme,1,25.0,0,12.4,wait,2,7,30,16,1499.0,1599.0,-124.0,-0.08272181454302868,1491.0,1375.0,1599.0,112.21408111284427,0.9221998658618377,1.0
2025-07-30 18:50:48,1299.0,Realme Buds T200X True,realme,1,25.0,0,12.4,buy,2,7,30,18,1375.0,1499.0,-76.0,-0.05527272727272727,1391.0,1299.0,1499.0,100.95543571299166,0.9338605319913731,1.0
2025-08-06 12:59:36,1899.0,Realme Buds T200X True,realme,1,25.0,0,12.4,wait,2,8,6,12,1299.0,1375.0,600.0,0.4618937644341801,1524.3333333333333,1299.0,1899.0,326.68843464887664,1.2457905095123551,1.46189376443418
2025-08-06 14:14:04,1299.0,Realme Buds T200X True,realme,1,25.0,0,12.4,buy,2,8,6,14,1899.0,1299.0,-600.0,-0.315955766192733,1499.0,1299.0,1899.0,346.4101615137755,0.866577718478986,1.0
2025-08-09 00:32:37,1599.0,Realme Buds T200X True,realme,1,25.0,0,12.4,wait,5,8,9,0,1299.0,1899.0,300.0,0.23094688221709006,1599.0,1299.0,1899.0,300.0,1.0,1.2309468822170901
2025-08-09 04:41:34,1299.0,Realme Buds T200X True,realme,1,25.0,0,12.4,buy,5,8,9,4,1599.0,1299.0,-300.0,-0.18761726078799248,1399.0,1299.0,1599.0,173.20508075688778,0.9285203716940672,1.0
2025-08-10 08:23:36,1599.0,Realme Buds T200X True,realme,1,25.0,0,12.4,wait,6,8,10,8,1299.0,1599.0,300.0,0.23094688221709006,1499.0,1299.0,1599.0,173.20508075688778,1.066711140760507,1.2309468822170901
2025-08-13 02:07:34,1399.0,Realme Buds T200X True,realme,1,25.0,0,12.4,buy,2,8,13,2,1599.0,1299.0,-200.0,-0.12507817385866166,1432.3333333333333,1299.0,1599.0,152.7525231651947,0.9767279497323714,1.0769822940723635
2025-08-18 03:54:10,1599.0,Realme Buds T200X True,realme,1,25.0,0,12.4,wait,0,8,18,3,1399.0,1599.0,200.0,0.14295925661186562,1532.3333333333333,1399.0,1599.0,115.47005383792526,1.0435066347618012,1.1429592566118656
2025-08-19 03:10:17,1399.0,Realme Buds T200X True,realme,1,25.0,0,12.4,wait,1,8,19,3,1599.0,1399.0,-200.0,-0.12507817385866166,1465.6666666666667,1399.0,1599.0,115.47005383792526,0.9545144416647714,1.0
2025-08-20 01:44:50,1599.0,Realme Buds T200X True,realme,1,25.0,0,12.4,wait,2,8,20,1,1399.0,1599.0,200.0,0.14295925661186562,1532.3333333333333,1399.0,1599.0,115.47005383792526,1.0435066347618012,1.1429592566118656
2025-09-08 05:03:42,1299.0,Realme Buds T200X True,realme,1,25.0,0,12.4,wait,0,9,8,5,1599.0,1399.0,-300.0,-0.18761726078799248,1432.3333333333333,1299.0,1599.0,152.7525231651947,0.9069117989294857,1.0
2025-09-09 12:02:01,1279.0,Realme Buds T200X True,realme,1,25.0,0,12.4,wait,1,9,9,12,1299.0,1599.0,-20.0,-0.015396458814472672,1392.3333333333333,1279.0,1599.0,179.25772879665007,0.9186018673689251,1.0
2025-09-09 13:58:52,1299.0,Realme Buds T200X True,realme,1,25.0,0,12.4,wait,1,9,9,13,1279.0,1299.0,20.0,0.01563721657544957,1292.3333333333333,1279.0,1299.0,11.547005383792374,1.005158627805004,1.0156372165754495
2025-09-18 13:50:27,1199.0,Realme Buds T200X True,realme,1,25.0,0,12.4,buy,3,9,18,13,1299.0,1279.0,-100.0,-0.07698229407236336,1259.0,1199.0,1299.0,52.915026221291775,0.9523431294678316,1.0
2025-09-18 22:29:37,1290.0,Realme Buds T200X True,realme,1,25.0,0,12.4,buy,3,9,18,22,1199.0,1299.0,91.0,0.07589658048373644,1262.6666666666667,1199.0,1299.0,55.32027958473572,1.0216473072861667,1.0758965804837364
2025-09-19 17:16:48,1299.0,Realme Buds T200X True,realme,1,25.0,0,12.4,buy,4,9,19,17,1290.0,1199.0,9.0,0.0069767441860465115,1262.6666666666667,1199.0,1299.0,55.32027958473572,1.0287750791974657,1.0834028356964136
2025-09-19 18:57:36,1290.0,Realme Buds T200X True,realme,1,25.0,0,12.4,buy,4,9,19,18,1299.0,1290.0,-9.0,-0.006928406466512702,1293.0,1290.0,1299.0,5.196152422705756,0.9976798143851509,1.0
2025-09-20 05:16:06,1299.0,Realme Buds T200X True,realme,1,25.0,0,12.4,buy,5,9,20,5,1290.0,1299.0,9.0,0.0069767441860465115,1296.0,1290.0,1299.0,5.196152422705756,1.0023148148148149,1.0069767441860464
2024-08-07 16:23:38,3999.0,Realme Buds T310,realme,1,30.0,0,12.4,wait,2,8,7,16,3990.0,3990.0,9.0,0.002255639097744361,3993.0,3990.0,3999.0,5.196152422706632,1.0015026296018033,1.0022556390977444
2024-08-08 03:55:26,3999.0,Realme Buds T310,realme,1,30.0,0,12.4,wait,3,8,8,3,3999.0,3990.0,0.0,0.0,3996.0,3990.0,3999.0,5.196152422706632,1.0007507507507507,1.0022556390977444
2024-08-08 16:01:44,2490.0,Realme Buds T310,realme,1,30.0,0,12.4,buy,3,8,8,16,3999.0,3999.0,-1509.0,-0.377344336084021,3496.0,2490.0,3999.0,871.2215562071452,0.7122425629290617,1.0
2024-08-09 04:35:21,3499.0,Realme Buds T310,realme,1,30.0,0,12.4,wait,4,8,9,4,2490.0,3999.0,1009.0,0.40522088353413654,3329.3333333333335,2490.0,3999.0,768.6744000767382,1.0509611533840608,1.4052208835341367
2024-08-23 21:30:29,3399.0,Realme Buds T310,realme,1,30.0,0,12.4,wait,4,8,23,21,3499.0,2490.0,-100.0,-0.02857959416976279,3129.3333333333335,2490.0,3499.0,555.9319502720933,1.086173838943332,1.3650602409638555
2024-08-28 16:04:59,2499.0,Realme Buds T310,realme,1,30.0,0,12.4,wait,2,8,28,16,3399.0,3499.0,-900.0,-0.264783759929391,3132.3333333333335,2499.0,3499.0,550.7570547286102,0.7978078110035117,1.0
2024-09-02 09:57:51,2199.0,Realme Buds T310,realme,1,30.0,0,12.4,buy,0,9,2,9,2499.0,3399.0,-300.0,-0.12004801920768307,2699.0,2199.0,3399.0,624.4997998398399,0.8147462022971471,1.0
2024-09-03 17:45:35,2499.0,Realme Buds T310,realme,1,30.0,0,12.4,buy,1,9,3,17,2199.0,2499.0,300.0,0.1364256480218281,2399.0,2199.0,2499.0,173.20508075688772,1.0416840350145895,1.136425648021828
2024-09-11 16:02:23,2497.0,Realme Buds T310,realme,1,30.0,0,12.4,wait,2,9,11,16,2499.0,2199.0,-2.0,-0.0008003201280512205,2398.3333333333335,2199.0,2499.0,172.63062686943277,1.0411396803335649,1.1355161437016825
2024-09-12 16:10:31,2490.0,Realme Buds T310,realme,1,30.0,0,12.4,wait,3,9,12,16,2497.0,2499.0,-7.0,-0.002803364036844213,2495.3333333333335,2490.0,2499.0,4.725815626248823,0.9978626769970611,1.0
2024-09-13 06:21:44,2499.0,Realme Buds T310,realme,1,30.0,0,12.4,wait,4,9,13,6,2490.0,2497.0,9.0,0.0036144578313253013,2495.3333333333335,2490.0,2499.0,4.725815626248823,1.0014694095645205,1.0036144578313253
2024-09-15 14:04:20,2299.0,Realme Buds T310,realme,1,30.0,0,12.4,buy,6,9,15,14,2499.0,2490.0,-200.0,-0.08003201280512205,2429.3333333333335,2299.0,2499.0,112.9616454082239,0.9463501646542261,1.0
2024-09-21 05:35:47,2490.0,Realme Buds T310,realme,1,30.0,0,12.4,wait,5,9,21,5,2299.0,2499.0,191.0,0.0830795998260113,2429.3333333333335,2299.0,2499.0,112.9616454082239,1.024972557628979,1.0830795998260112
2024-09-25 08:29:04,2480.0,Realme Buds T310,realme,1,30.0,0,12.4,wait,2,9,25,8,2490.0,2299.0,-10.0,-0.004016064257028112,2423.0,2299.0,2490.0,107.50348831549601,1.0235245563351218,1.0787298825576337
2024-09-25 11:20:46,2499.0,Realme Buds T310,realme,1,30.0,0,12.4,wait,2,9,25,11,2480.0,2490.0,19.0,0.007661290322580645,2489.6666666666665,2480.0,2499.0,9.504384952921555,1.0037488284910967,1.0076612903225806
2024-09-25 14:01:00,2309.0,Realme Buds T310,realme,1,30.0,0,12.4,wait,2,9,25,14,2499.0,2480.0,-190.0,-0.07603041216486595,2429.3333333333335,2309.0,2499.0,104.64384039843596,0.9504665203073545,1.0
2024-09-25 19:00:11,2109.0,Realme Buds T310,realme,1,30.0,0,12.4,buy,2,9,25,19,2309.0,2499.0,-200.0,-0.08661758336942399,2305.6666666666665,2109.0,2499.0,195.02136635080095,0.9147029058840538,1.0
2024-09-25 20:35:41,2309.0,Realme Buds T310,realme,1,30.0,0,12.4,wait,2,9,25,20,2109.0,2309.0,200.0,0.0948316737790422,2242.3333333333335,2109.0,2309.0,115.47005383792494,1.029730935037907,1.0948316737790422
2024-09-25 23:55:49,2109.0,Realme Buds T310,realme,1,30.0,0,12.4,wait,2,9,25,23,2309.0,2109.0,-200.0,-0.08661758336942399,2175.6666666666665,2109.0,2309.0,115.47005383792494,0.9693580511720546,1.0
2024-09-26 09:42:05,2307.0,Realme Buds T310,realme,1,30.0,0,12.4,wait,3,9,26,9,2109.0,2309.0,198.0,0.09388335704125178,2241.6666666666665,2109.0,2309.0,114.89705537276967,1.0291449814126394,1.0938833570412518
2024-09-26 13:43:02,2300.0,Realme Buds T310,realme,1,30.0,0,12.4,wait,3,9,26,13,2307.0,2109.0,-7.0,-0.003034243606415258,2238.6666666666665,2109.0,2307.0,112.34915813362065,1.0273972602739727,1.0905642484589853
2024-09-26 18:30:07,1999.0,Realme Buds T310,realme,1,30.0,0,12.4,wait,3,9,26,18,2300.0,2307.0,-301.0,-0.1308695652173913,2202.0,1999.0,2307.0,175.8379936191265,0.907811080835604,1.0
2024-09-27 18:43:00,1799.0,Realme Buds T310,realme,1,30.0,0,12.4,buy,4,9,27,18,1999.0,2300.0,-200.0,-0.10005002501250625,2032.6666666666667,1799.0,2300.0,252.1910651338253,0.8850442768120695,1.0
2024-09-28 08:56:05,1999.0,Realme Buds T310,realme,1,30.0,0,12.4,buy,5,9,28,8,1799.0,1999.0,200.0,0.11117287381878821,1932.3333333333333,1799.0,1999.0,115.47005383792518,1.0345006037605657,1.1111728738187883
2024-09-29 08:31:11,2199.0,Realme Buds T310,realme,1,30.0,0,12.4,wait,6,9,29,8,1999.0,1799.0,200.0,0.10005002501250625,1999.0,1799.0,2199.0,200.0,1.1000500250125063,1.2223457476375765
2024-09-29 09:59:40,1999.0,Realme Buds T310,realme,1,30.0,0,12.4,buy,6,9,29,9,2199.0,1999.0,-200.0,-0.09095043201455207,2065.6666666666665,1999.0,2199.0,115.47005383792512,0.9677263191867033,1.0
2024-09-29 13:17:35,2199.0,Realme Buds T310,realme,1,30.0,0,12.4,wait,6,9,29,13,1999.0,2199.0,200.0,0.10005002501250625,2132.3333333333335,1999.0,2199.0,115.47005383792512,1.0312646553071751,1.1000500250125063
2024-09-29 13:37:07,1999.0,Realme Buds T310,realme,1,30.0,0,12.4,wait,6,9,29,13,2199.0,1999.0,-200.0,-0.09095043201455207,2065.6666666666665,1999.0,2199.0,115.47005383792512,0.9677263191867033,1.0
2024-09-30 19:04:45,2199.0,Realme Buds T310,realme,1,30.0,0,12.4,wait,0,9,30,19,1999.0,2199.0,200.0,0.10005002501250625,2132.3333333333335,1999.0,2199.0,115.47005383792512,1.0312646553071751,1.1000500250125063
2024-09-30 19:04:54,1999.0,Realme Buds T310,realme,1,30.0,0,12.4,wait,0,9,30,19,2199.0,1999.0,-200.0,-0.09095043201455207,2065.6666666666665,1999.0,2199.0,115.47005383792512,0.9677263191867033,1.0
2024-10-01 03:32:40,1799.0,Realme Buds T310,realme,1,30.0,0,12.4,buy,1,10,1,3,1999.0,2199.0,-200.0,-0.10005002501250625,1999.0,1799.0,2199.0,200.0,0.8999499749874937,1.0
2024-10-01 05:07:23,1999.0,Realme Buds T310,realme,1,30.0,0,12.4,wait,1,10,1,5,1799.0,1999.0,200.0,0.11117287381878821,1932.3333333333333,1799.0,1999.0,115.47005383792518,1.0345006037605657,1.1111728738187883
2024-10-01 05:08:35,1799.0,Realme Buds T310,realme,1,30.0,0,12.4,buy,1,10,1,5,1999.0,1799.0,-200.0,-0.10005002501250625,1865.6666666666667,1799.0,1999.0,115.47005383792518,0.9642665713775236,1.0
2024-10-01 05:54:03,1999.0,Realme Buds T310,realme,1,30.0,0,12.4,wait,1,10,1,5,1799.0,1999.0,200.0,0.11117287381878821,1932.3333333333333,1799.0,1999.0,115.47005383792518,1.0345006037605657,1.1111728738187883
2024-10-01 05:54:37,1799.0,Realme Buds T310,realme,1,30.0,0,12.4,buy,1,10,1,5,1999.0,1799.0,-200.0,-0.10005002501250625,1865.6666666666667,1799.0,1999.0,115.47005383792518,0.9642665713775236,1.0
2024-10-01 06:26:03,1999.0,Realme Buds T310,realme,1,30.0,0,12.4,buy,1,10,1,6,1799.0,1999.0,200.0,0.11117287381878821,1932.3333333333333,1799.0,1999.0,115.47005383792518,1.0345006037605657,1.1111728738187883
2024-10-01 06:51:04,2199.0,Realme Buds T310,realme,1,30.0,0,12.4,wait,1,10,1,6,1999.0,1799.0,200.0,0.10005002501250625,1999.0,1799.0,2199.0,200.0,1.1000500250125063,1.2223457476375765
2024-10-01 06:51:28,1999.0,Realme Buds T310,realme,1,30.0,0,12.4,buy,1,10,1,6,2199.0,1999.0,-200.0,-0.09095043201455207,2065.6666666666665,1999.0,2199.0,115.47005383792512,0.9677263191867033,1.0
2024-10-01 08:34:14,2199.0,Realme Buds T310,realme,1,30.0,0,12.4,wait,1,10,1,8,1999.0,2199.0,200.0,0.10005002501250625,2132.3333333333335,1999.0,2199.0,115.47005383792512,1.0312646553071751,1.1000500250125063
2024-10-01 08:40:51,1999.0,Realme Buds T310,realme,1,30.0,0,12.4,buy,1,10,1,8,2199.0,1999.0,-200.0,-0.09095043201455207,2065.6666666666665,1999.0,2199.0,115.47005383792512,0.9677263191867033,1.0
2024-10-01 13:23:31,2199.0,Realme Buds T310,realme,1,30.0,0,12.4,wait,1,10,1,13,1999.0,2199.0,200.0,0.10005002501250625,2132.3333333333335,1999.0,2199.0,115.47005383792512,1.0312646553071751,1.1000500250125063
2024-10-01 13:24:26,1999.0,Realme Buds T310,realme,1,30.0,0,12.4,buy,1,10,1,13,2199.0,1999.0,-200.0,-0.09095043201455207,2065.6666666666665,1999.0,2199.0,115.47005383792512,0.9677263191867033,1.0
2024-10-01 14:49:59,2199.0,Realme Buds T310,realme,1,30.0,0,12.4,wait,1,10,1,14,1999.0,2199.0,200.0,0.10005002501250625,2132.3333333333335,1999.0,2199.0,115.47005383792512,1.0312646553071751,1.1000500250125063
2024-10-01 14:55:31,1999.0,Realme Buds T310,realme,1,30.0,0,12.4,buy,1,10,1,14,2199.0,1999.0,-200.0,-0.09095043201455207,2065.6666666666665,1999.0,2199.0,115.47005383792512,0.9677263191867033,1.0
2024-10-01 15:23:01,2199.0,Realme Buds T310,realme,1,30.0,0,12.4,wait,1,10,1,15,1999.0,2199.0,200.0,0.10005002501250625,2132.3333333333335,1999.0,2199.0,115.47005383792512,1.0312646553071751,1.1000500250125063
2024-10-01 15:24:17,1999.0,Realme Buds T310,realme,1,30.0,0,12.4,buy,1,10,1,15,2199.0,1999.0,-200.0,-0.09095043201455207,2065.6666666666665,1999.0,2199.0,115.47005383792512,0.9677263191867033,1.0
2024-10-01 15:26:21,2199.0,Realme Buds T310,realme,1,30.0,0,12.4,wait,1,10,1,15,1999.0,2199.0,200.0,0.10005002501250625,2132.3333333333335,1999.0,2199.0,115.47005383792512,1.0312646553071751,1.1000500250125063
2024-10-01 15:29:40,1999.0,Realme Buds T310,realme,1,30.0,0,12.4,buy,1,10,1,15,2199.0,1999.0,-200.0,-0.09095043201455207,2065.6666666666665,1999.0,2199.0,115.47005383792512,0.9677263191867033,1.0
2024-10-01 16:20:13,2199.0,Realme Buds T310,realme,1,30.0,0,12.4,wait,1,10,1,16,1999.0,2199.0,200.0,0.10005002501250625,2132.3333333333335,1999.0,2199.0,115.47005383792512,1.0312646553071751,1.1000500250125063
2024-10-01 16:20:53,1999.0,Realme Buds T310,realme,1,30.0,0,12.4,buy,1,10,1,16,2199.0,1999.0,-200.0,-0.09095043201455207,2065.6666666666665,1999.0,2199.0,115.47005383792512,0.9677263191867033,1.0
2024-10-03 10:04:28,2199.0,Realme Buds T310,realme,1,30.0,0,12.4,wait,3,10,3,10,1999.0,2199.0,200.0,0.10005002501250625,2132.3333333333335,1999.0,2199.0,115.47005383792512,1.0312646553071751,1.1000500250125063
2024-10-03 10:04:55,1999.0,Realme Buds T310,realme,1,30.0,0,12.4,buy,3,10,3,10,2199.0,1999.0,-200.0,-0.09095043201455207,2065.6666666666665,1999.0,2199.0,115.47005383792512,0.9677263191867033,1.0
2024-10-03 14:27:41,2199.0,Realme Buds T310,realme,1,30.0,0,12.4,wait,3,10,3,14,1999.0,2199.0,200.0,0.10005002501250625,2132.3333333333335,1999.0,2199.0,115.47005383792512,1.0312646553071751,1.1000500250125063
2024-10-03 15:03:05,1999.0,Realme Buds T310,realme,1,30.0,0,12.4,buy,3,10,3,15,2199.0,1999.0,-200.0,-0.09095043201455207,2065.6666666666665,1999.0,2199.0,115.47005383792512,0.9677263191867033,1.0
2024-10-06 17:57:01,2199.0,Realme Buds T310,realme,1,30.0,0,12.4,wait,6,10,6,17,1999.0,2199.0,200.0,0.10005002501250625,2132.3333333333335,1999.0,2199.0,115.47005383792512,1.0312646553071751,1.1000500250125063
2024-10-06 18:06:38,1999.0,Realme Buds T310,realme,1,30.0,0,12.4,buy,6,10,6,18,2199.0,1999.0,-200.0,-0.09095043201455207,2065.6666666666665,1999.0,2199.0,115.47005383792512,0.9677263191867033,1.0
2024-10-06 18:33:21,2199.0,Realme Buds T310,realme,1,30.0,0,12.4,buy,6,10,6,18,1999.0,2199.0,200.0,0.10005002501250625,2132.3333333333335,1999.0,2199.0,115.47005383792512,1.0312646553071751,1.1000500250125063
2024-10-07 05:09:57,2499.0,Realme Buds T310,realme,1,30.0,0,12.4,wait,0,10,7,5,2199.0,1999.0,300.0,0.1364256480218281,2232.3333333333335,1999.0,2499.0,251.66114784235825,1.1194564730476333,1.2501250625312657
2024-10-08 18:37:18,2199.0,Realme Buds T310,realme,1,30.0,0,12.4,buy,1,10,8,18,2499.0,2199.0,-300.0,-0.12004801920768307,2299.0,2199.0,2499.0,173.20508075688755,0.9565028273162245,1.0
2024-10-14 06:48:43,2499.0,Realme Buds T310,realme,1,30.0,0,12.4,wait,0,10,14,6,2199.0,2499.0,300.0,0.1364256480218281,2399.0,2199.0,2499.0,173.20508075688755,1.0416840350145895,1.136425648021828
2024-10-14 21:45:31,2199.0,Realme Buds T310,realme,1,30.0,0,12.4,wait,0,10,14,21,2499.0,2199.0,-300.0,-0.12004801920768307,2299.0,2199.0,2499.0,173.20508075688755,0.9565028273162245,1.0
2024-10-18 07:36:17,2499.0,Realme Buds T310,realme,1,30.0,0,12.4,wait,4,10,18,7,2199.0,2499.0,300.0,0.1364256480218281,2399.0,2199.0,2499.0,173.20508075688755,1.0416840350145895,1.136425648021828
2024-10-20 00:42:32,1999.0,Realme Buds T310,realme,1,30.0,0,12.4,buy,6,10,20,0,2499.0,2199.0,-500.0,-0.2000800320128051,2232.3333333333335,1999.0,2499.0,251.66114784235825,0.8954755860833208,1.0
2024-10-31 16:47:07,1998.0,Realme Buds T310,realme,1,30.0,0,12.4,buy,3,10,31,16,1999.0,2499.0,-1.0,-0.0005002501250625312,2165.3333333333335,1998.0,2499.0,288.96424230920564,0.9227216748768472,1.0
2024-11-01 05:32:24,1999.0,Realme Buds T310,realme,1,30.0,0,12.4,buy,4,11,1,5,1998.0,1999.0,1.0,0.0005005005005005005,1998.6666666666667,1998.0,1999.0,0.5773502692399858,1.0001667778519012,1.0005005005005005
2024-11-02 02:11:48,2499.0,Realme Buds T310,realme,1,30.0,0,12.4,wait,5,11,2,2,1999.0,1998.0,500.0,0.25012506253126565,2165.3333333333335,1998.0,2499.0,288.9642423092057,1.1540948275862069,1.2507507507507507
2024-11-07 14:54:35,2199.0,Realme Buds T310,realme,1,30.0,0,12.4,wait,3,11,7,14,2499.0,1999.0,-300.0,-0.12004801920768307,2232.3333333333335,1999.0,2499.0,251.66114784235833,0.9850679408690458,1.1000500250125063
2024-11-14 11:21:28,2499.0,Realme Buds T310,realme,1,30.0,0,12.4,wait,3,11,14,11,2199.0,2499.0,300.0,0.1364256480218281,2399.0,2199.0,2499.0,173.20508075688767,1.0416840350145895,1.136425648021828
2024-11-24 02:44:16,2199.0,Realme Buds T310,realme,1,30.0,0,12.4,wait,6,11,24,2,2499.0,2199.0,-300.0,-0.12004801920768307,2299.0,2199.0,2499.0,173.20508075688767,0.9565028273162245,1.0
2024-11-24 17:58:25,1999.0,Realme Buds T310,realme,1,30.0,0,12.4,buy,6,11,24,17,2199.0,2499.0,-200.0,-0.09095043201455207,2232.3333333333335,1999.0,2499.0,251.66114784235833,0.8954755860833208,1.0
2024-11-25 06:33:11,2199.0,Realme Buds T310,realme,1,30.0,0,12.4,wait,0,11,25,6,1999.0,2199.0,200.0,0.10005002501250625,2132.3333333333335,1999.0,2199.0,115.47005383792528,1.0312646553071751,1.1000500250125063
2024-12-02 01:43:31,2499.0,Realme Buds T310,realme,1,30.0,0,12.4,wait,0,12,2,1,2199.0,1999.0,300.0,0.1364256480218281,2232.3333333333335,1999.0,2499.0,251.66114784235833,1.1194564730476333,1.2501250625312657
2024-12-05 06:15:35,1999.0,Realme Buds T310,realme,1,30.0,0,12.4,wait,3,12,5,6,2499.0,2199.0,-500.0,-0.2000800320128051,2232.3333333333335,1999.0,2499.0,251.66114784235833,0.8954755860833208,1.0
2024-12-05 08:27:27,1998.0,Realme Buds T310,realme,1,30.0,0,12.4,wait,3,12,5,8,1999.0,2499.0,-1.0,-0.0005002501250625312,2165.3333333333335,1998.0,2499.0,288.9642423092057,0.9227216748768472,1.0
2024-12-07 02:22:52,1999.0,Realme Buds T310,realme,1,30.0,0,12.4,wait,5,12,7,2,1998.0,1999.0,1.0,0.0005005005005005005,1998.6666666666667,1998.0,1999.0,0.5773502692777929,1.0001667778519012,1.0005005005005005
2024-12-07 16:19:25,1799.0,Realme Buds T310,realme,1,30.0,0,12.4,buy,5,12,7,16,1999.0,1998.0,-200.0,-0.10005002501250625,1932.0,1799.0,1999.0,115.18246394308511,0.9311594202898551,1.0
2024-12-07 17:31:14,1899.0,Realme Buds T310,realme,1,30.0,0,12.4,buy,5,12,7,17,1799.0,1999.0,100.0,0.055586436909394105,1899.0,1799.0,1999.0,100.00000000000051,1.0,1.0555864369093941
2024-12-08 05:36:52,1999.0,Realme Buds T310,realme,1,30.0,0,12.4,wait,6,12,8,5,1899.0,1799.0,100.0,0.0526592943654555,1899.0,1799.0,1999.0,100.00000000000051,1.0526592943654556,1.1111728738187883
2024-12-09 04:28:58,2199.0,Realme Buds T310,realme,1,30.0,0,12.4,wait,0,12,9,4,1999.0,1899.0,200.0,0.10005002501250625,2032.3333333333333,1899.0,2199.0,152.75252316519504,1.082007544694112,1.1579778830963665
2024-12-10 01:35:23,1899.0,Realme Buds T310,realme,1,30.0,0,12.4,wait,1,12,10,1,2199.0,1999.0,-300.0,-0.1364256480218281,2032.3333333333333,1899.0,2199.0,152.75252316519504,0.9343939642447106,1.0
2024-12-10 14:57:00,2199.0,Realme Buds T310,realme,1,30.0,0,12.4,wait,1,12,10,14,1899.0,2199.0,300.0,0.1579778830963665,2099.0,1899.0,2199.0,173.20508075688807,1.0476417341591233,1.1579778830963665
2024-12-11 01:10:35,1699.0,Realme Buds T310,realme,1,30.0,0,12.4,buy,2,12,11,1,2199.0,1899.0,-500.0,-0.22737608003638018,1932.3333333333333,1699.0,2199.0,251.6611478423585,0.8792478868380197,1.0
2024-12-11 02:21:18,2499.0,Realme Buds T310,realme,1,30.0,0,12.4,wait,2,12,11,2,1699.0,2199.0,800.0,0.47086521483225424,2132.3333333333335,1699.0,2499.0,404.1451884327381,1.1719556041894637,1.4708652148322543
2024-12-11 03:28:02,1999.0,Realme Buds T310,realme,1,30.0,0,12.4,wait,2,12,11,3,2499.0,1699.0,-500.0,-0.2000800320128051,2065.6666666666665,1699.0,2499.0,404.1451884327381,0.9677263191867033,1.1765744555620954
2024-12-12 00:19:52,1899.0,Realme Buds T310,realme,1,30.0,0,12.4,buy,3,12,12,0,1999.0,2499.0,-100.0,-0.05002501250625312,2132.3333333333335,1899.0,2499.0,321.455025366432,0.8905737064248866,1.0
2024-12-12 04:11:08,2199.0,Realme Buds T310,realme,1,30.0,0,12.4,wait,3,12,12,4,1899.0,1999.0,300.0,0.1579778830963665,2032.3333333333333,1899.0,2199.0,152.75252316519516,1.082007544694112,1.1579778830963665
2024-12-12 21:57:26,1899.0,Realme Buds T310,realme,1,30.0,0,12.4,buy,3,12,12,21,2199.0,1899.0,-300.0,-0.1364256480218281,1999.0,1899.0,2199.0,173.20508075688815,0.9499749874937469,1.0
2024-12-13 02:05:07,2199.0,Realme Buds T310,realme,1,30.0,0,12.4,wait,4,12,13,2,1899.0,2199.0,300.0,0.1579778830963665,2099.0,1899.0,2199.0,173.20508075688815,1.0476417341591233,1.1579778830963665
2024-12-13 21:06:20,1899.0,Realme Buds T310,realme,1,30.0,0,12.4,wait,4,12,13,21,2199.0,1899.0,-300.0,-0.1364256480218281,1999.0,1899.0,2199.0,173.20508075688815,0.9499749874937469,1.0
2024-12-14 12:11:55,1999.0,Realme Buds T310,realme,1,30.0,0,12.4,wait,5,12,14,12,1899.0,2199.0,100.0,0.0526592943654555,2032.3333333333333,1899.0,2199.0,152.75252316519516,0.9835984910611777,1.0526592943654556
2024-12-15 16:33:13,1699.0,Realme Buds T310,realme,1,30.0,0,12.4,buy,6,12,15,16,1999.0,1899.0,-300.0,-0.1500750375187594,1865.6666666666667,1699.0,1999.0,152.75252316519516,0.9106664284438092,1.0
2024-12-15 23:34:22,2199.0,Realme Buds T310,realme,1,30.0,0,12.4,buy,6,12,15,23,1699.0,1999.0,500.0,0.2942907592701589,1965.6666666666667,1699.0,2199.0,251.66114784235862,1.1187044259793115,1.294290759270159
2024-12-16 02:44:54,2499.0,Realme Buds T310,realme,1,30.0,0,12.4,wait,0,12,16,2,2199.0,1699.0,300.0,0.1364256480218281,2132.3333333333335,1699.0,2499.0,404.14518843273817,1.1719556041894637,1.4708652148322543
2024-12-20 01:29:12,2199.0,Realme Buds T310,realme,1,30.0,0,12.4,buy,4,12,20,1,2499.0,2199.0,-300.0,-0.12004801920768307,2299.0,2199.0,2499.0,173.2050807568879,0.9565028273162245,1.0
2024-12-26 05:18:46,2499.0,Realme Buds T310,realme,1,30.0,0,12.4,wait,3,12,26,5,2199.0,2499.0,300.0,0.1364256480218281,2399.0,2199.0,2499.0,173.2050807568879,1.0416840350145895,1.136425648021828
2025-01-05 13:59:37,2399.0,Realme Buds T310,realme,1,30.0,0,12.4,wait,6,1,5,13,2499.0,2199.0,-100.0,-0.040016006402561026,2365.6666666666665,2199.0,2499.0,152.75252316519487,1.0140904607580667,1.090950432014552
2025-01-06 08:06:07,2499.0,Realme Buds T310,realme,1,30.0,0,12.4,wait,0,1,6,8,2399.0,2499.0,100.0,0.041684035014589414,2465.6666666666665,2399.0,2499.0,57.7350269189633,1.0135189941868326,1.0416840350145895
2025-01-11 05:37:55,2249.0,Realme Buds T310,realme,1,30.0,0,12.4,wait,5,1,11,5,2499.0,2399.0,-250.0,-0.10004001600640255,2382.3333333333335,2249.0,2499.0,125.83057392117954,0.9440324611725199,1.0
2025-01-11 11:54:53,2240.0,Realme Buds T310,realme,1,30.0,0,12.4,wait,5,1,11,11,2249.0,2499.0,-9.0,-0.004001778568252557,2329.3333333333335,2240.0,2499.0,147.0045350774371,0.961648540354894,1.0
2025-01-12 15:08:24,2099.0,Realme Buds T310,realme,1,30.0,0,12.4,wait,6,1,12,15,2240.0,2249.0,-141.0,-0.06294642857142857,2196.0,2099.0,2249.0,84.12490713219316,0.9558287795992714,1.0
2025-01-13 00:24:29,2240.0,Realme Buds T310,realme,1,30.0,0,12.4,wait,0,1,13,0,2099.0,2240.0,141.0,0.06717484516436398,2193.0,2099.0,2240.0,81.406387955738,1.0214318285453716,1.067174845164364
2025-01-13 13:46:15,1999.0,Realme Buds T310,realme,1,30.0,0,12.4,buy,0,1,13,13,2240.0,2099.0,-241.0,-0.10758928571428572,2112.6666666666665,1999.0,2240.0,121.07986345108523,0.9461975386557274,1.0
2025-01-13 17:42:41,2240.0,Realme Buds T310,realme,1,30.0,0,12.4,wait,0,1,13,17,1999.0,2240.0,241.0,0.12056028014007003,2159.6666666666665,1999.0,2240.0,139.14141487470025,1.0371970983176417,1.12056028014007
2025-01-15 14:22:21,1990.0,Realme Buds T310,realme,1,30.0,0,12.4,buy,2,1,15,14,2240.0,1999.0,-250.0,-0.11160714285714286,2076.3333333333335,1990.0,2240.0,141.8109069618182,0.9584202921817305,1.0
2025-01-16 08:16:27,1960.0,Realme Buds T310,realme,1,30.0,0,12.4,buy,3,1,16,8,1990.0,2240.0,-30.0,-0.01507537688442211,2063.3333333333335,1960.0,2240.0,153.7313674346698,0.949919224555735,1.0
2025-01-17 06:21:35,1950.0,Realme Buds T310,realme,1,30.0,0,12.4,buy,4,1,17,6,1960.0,1990.0,-10.0,-0.00510204081632653,1966.6666666666667,1950.0,1990.0,20.816659994665415,0.9915254237288135,1.0
2025-01-18 03:07:39,3999.0,Realme Buds T310,realme,1,30.0,0,12.4,wait,5,1,18,3,1950.0,1960.0,2049.0,1.0507692307692307,2636.3333333333335,1950.0,3999.0,1180.114542463287,1.516879504362119,2.0507692307692307
2025-01-19 03:02:53,1950.0,Realme Buds T310,realme,1,30.0,0,12.4,buy,6,1,19,3,3999.0,1950.0,-2049.0,-0.5123780945236309,2633.0,1950.0,3999.0,1182.9907015695433,0.7406000759589821,1.0
2025-01-19 13:28:45,3999.0,Realme Buds T310,realme,1,30.0,0,12.4,wait,6,1,19,13,1950.0,3999.0,2049.0,1.0507692307692307,3316.0,1950.0,3999.0,1182.9907015695433,1.2059710494571774,2.0507692307692307
2025-01-20 09:04:39,1999.0,Realme Buds T310,realme,1,30.0,0,12.4,buy,0,1,20,9,3999.0,1950.0,-2000.0,-0.5001250312578145,2649.3333333333335,1950.0,3999.0,1169.102362213563,0.7545294413688978,1.0251282051282051
2025-01-20 10:40:32,3999.0,Realme Buds T310,realme,1,30.0,0,12.4,wait,0,1,20,10,1999.0,3999.0,2000.0,1.0005002501250626,3332.3333333333335,1999.0,3999.0,1154.7005383792514,1.2000600180054015,2.0005002501250626
2025-01-20 19:24:11,1999.0,Realme Buds T310,realme,1,30.0,0,12.4,buy,0,1,20,19,3999.0,1999.0,-2000.0,-0.5001250312578145,2665.6666666666665,1999.0,3999.0,1154.7005383792514,0.7499062148305615,1.0
2025-01-25 10:53:08,1950.0,Realme Buds T310,realme,1,30.0,0,12.4,buy,5,1,25,10,1999.0,3999.0,-49.0,-0.02451225612806403,2649.3333333333335,1950.0,3999.0,1169.102362213563,0.7360342224458983,1.0
2025-01-25 14:25:43,3999.0,Realme Buds T310,realme,1,30.0,0,12.4,wait,5,1,25,14,1950.0,1999.0,2049.0,1.0507692307692307,2649.3333333333335,1950.0,3999.0,1169.102362213563,1.5094363361852037,2.0507692307692307
2025-01-25 17:20:43,1999.0,Realme Buds T310,realme,1,30.0,0,12.4,buy,5,1,25,17,3999.0,1950.0,-2000.0,-0.5001250312578145,2649.3333333333335,1950.0,3999.0,1169.102362213563,0.7545294413688978,1.0251282051282051
2025-01-27 15:25:04,2199.0,Realme Buds T310,realme,1,30.0,0,12.4,buy,0,1,27,15,1999.0,3999.0,200.0,0.10005002501250625,2732.3333333333335,1999.0,3999.0,1101.5141094572205,0.8048066365743565,1.1000500250125063
2025-01-30 12:58:18,2160.0,Realme Buds T310,realme,1,30.0,0,12.4,wait,3,1,30,12,2199.0,1999.0,-39.0,-0.017735334242837655,2119.3333333333335,1999.0,2199.0,106.0204382811803,1.0191884240327147,1.0805402701350675
2025-02-01 04:54:49,2199.0,Realme Buds T310,realme,1,30.0,0,12.4,wait,5,2,1,4,2160.0,2199.0,39.0,0.018055555555555554,2186.0,2160.0,2199.0,22.51666049840017,1.0059469350411712,1.0180555555555555
2025-02-05 18:54:49,3999.0,Realme Buds T310,realme,1,30.0,0,12.4,wait,2,2,5,18,2199.0,2160.0,1800.0,0.8185538881309686,2786.0,2160.0,3999.0,1050.669786374387,1.4353912419239052,1.851388888888889
2025-02-06 01:00:49,1999.0,Realme Buds T310,realme,1,30.0,0,12.4,buy,3,2,6,1,3999.0,2199.0,-2000.0,-0.5001250312578145,2732.3333333333335,1999.0,3999.0,1101.5141094572207,0.7316091252897401,1.0
2025-02-13 22:29:41,2199.0,Realme Buds T310,realme,1,30.0,0,12.4,wait,3,2,13,22,1999.0,3999.0,200.0,0.10005002501250625,2732.3333333333335,1999.0,3999.0,1101.5141094572207,0.8048066365743565,1.1000500250125063
2025-02-15 02:15:32,1999.0,Realme Buds T310,realme,1,30.0,0,12.4,buy,5,2,15,2,2199.0,1999.0,-200.0,-0.09095043201455207,2065.6666666666665,1999.0,2199.0,115.47005383792714,0.9677263191867033,1.0
2025-02-22 04:12:02,2160.0,Realme Buds T310,realme,1,30.0,0,12.4,wait,5,2,22,4,1999.0,2199.0,161.0,0.08054027013506754,2119.3333333333335,1999.0,2199.0,106.0204382811814,1.0191884240327147,1.0805402701350675
2025-02-23 07:32:24,2199.0,Realme Buds T310,realme,1,30.0,0,12.4,wait,6,2,23,7,2160.0,1999.0,39.0,0.018055555555555554,2119.3333333333335,1999.0,2199.0,106.0204382811814,1.0375904372444165,1.1000500250125063
2025-03-01 04:28:15,1999.0,Realme Buds T310,realme,1,30.0,0,12.4,wait,5,3,1,4,2199.0,2160.0,-200.0,-0.09095043201455207,2119.3333333333335,1999.0,2199.0,106.0204382811814,0.9432211387228687,1.0
2025-03-03 15:56:04,1899.0,Realme Buds T310,realme,1,30.0,0,12.4,wait,0,3,3,15,1999.0,2199.0,-100.0,-0.05002501250625312,2032.3333333333333,1899.0,2199.0,152.75252316519615,0.9343939642447106,1.0
2025-03-03 23:00:16,1799.0,Realme Buds T310,realme,1,30.0,0,12.4,wait,0,3,3,23,1899.0,1999.0,-100.0,-0.0526592943654555,1899.0,1799.0,1999.0,100.00000000000223,0.9473407056345445,1.0
2025-03-04 03:16:04,1899.0,Realme Buds T310,realme,1,30.0,0,12.4,wait,1,3,4,3,1799.0,1899.0,100.0,0.055586436909394105,1865.6666666666667,1799.0,1899.0,57.73502691896643,1.017866714311238,1.0555864369093941
2025-03-05 16:11:56,1699.0,Realme Buds T310,realme,1,30.0,0,12.4,buy,2,3,5,16,1899.0,1799.0,-200.0,-0.105318588730911,1799.0,1699.0,1899.0,100.00000000000223,0.9444135630906059,1.0
2025-03-06 02:52:08,1899.0,Realme Buds T310,realme,1,30.0,0,12.4,wait,3,3,6,2,1699.0,1899.0,200.0,0.11771630370806356,1832.3333333333333,1699.0,1899.0,115.47005383792711,1.0363834818992177,1.1177163037080635
2025-03-06 23:04:07,2160.0,Realme Buds T310,realme,1,30.0,0,12.4,wait,3,3,6,23,1899.0,1699.0,261.0,0.13744075829383887,1919.3333333333333,1699.0,2160.0,231.17165339490435,1.125390760680792,1.2713360800470865
2025-03-07 22:29:49,1699.0,Realme Buds T310,realme,1,30.0,0,12.4,buy,4,3,7,22,2160.0,1899.0,-461.0,-0.21342592592592594,1919.3333333333333,1699.0,2160.0,231.17165339490435,0.8852031955540118,1.0
2025-03-08 01:51:46,2160.0,Realme Buds T310,realme,1,30.0,0,12.4,wait,5,3,8,1,1699.0,2160.0,461.0,0.27133608004708654,2006.3333333333333,1699.0,2160.0,266.1584740964184,1.0765907958132581,1.2713360800470865
2025-03-08 02:53:12,1799.0,Realme Buds T310,realme,1,30.0,0,12.4,buy,5,3,8,2,2160.0,1699.0,-361.0,-0.16712962962962963,1886.0,1699.0,2160.0,242.501546386823,0.9538706256627784,1.0588581518540319
2025-03-08 03:21:11,2160.0,Realme Buds T310,realme,1,30.0,0,12.4,wait,5,3,8,3,1799.0,2160.0,361.0,0.20066703724291274,2039.6666666666667,1799.0,2160.0,208.423447177456,1.0589965680666775,1.2006670372429127
2025-03-13 08:56:39,1990.0,Realme Buds T310,realme,1,30.0,0,12.4,buy,3,3,13,8,2160.0,1799.0,-170.0,-0.0787037037037037,1983.0,1799.0,2160.0,180.60177186284875,1.0035300050428644,1.1061700944969428
2025-03-16 00:46:58,3979.0,Realme Buds T310,realme,1,30.0,0,12.4,buy,6,3,16,0,1990.0,2160.0,1989.0,0.9994974874371859,2709.6666666666665,1990.0,3979.0,1102.5562721844785,1.4684463033583468,1.999497487437186
2025-03-16 05:45:07,3999.0,Realme Buds T310,realme,1,30.0,0,12.4,buy,6,3,16,5,3979.0,1990.0,20.0,0.005026388539834129,3322.6666666666665,1990.0,3999.0,1154.16651022863,1.2035513643659712,2.0095477386934673
2025-03-16 05:59:49,3979.0,Realme Buds T310,realme,1,30.0,0,12.4,buy,6,3,16,5,3999.0,3979.0,-20.0,-0.005001250312578144,3985.6666666666665,3979.0,3999.0,11.54700538383281,0.9983273396336875,1.0
2025-03-16 17:28:11,3999.0,Realme Buds T310,realme,1,30.0,0,12.4,buy,6,3,16,17,3979.0,3999.0,20.0,0.005026388539834129,3992.3333333333335,3979.0,3999.0,11.54700538383281,1.001669867245554,1.005026388539834
2025-03-17 02:53:16,3979.0,Realme Buds T310,realme,1,30.0,0,12.4,wait,0,3,17,2,3999.0,3979.0,-20.0,-0.005001250312578144,3985.6666666666665,3979.0,3999.0,11.54700538383281,0.9983273396336875,1.0
2025-03-17 04:25:07,3999.0,Realme Buds T310,realme,1,30.0,0,12.4,wait,0,3,17,4,3979.0,3999.0,20.0,0.005026388539834129,3992.3333333333335,3979.0,3999.0,11.54700538383281,1.001669867245554,1.005026388539834
2025-03-17 06:03:09,3979.0,Realme Buds T310,realme,1,30.0,0,12.4,wait,0,3,17,6,3999.0,3979.0,-20.0,-0.005001250312578144,3985.6666666666665,3979.0,3999.0,11.54700538383281,0.9983273396336875,1.0
2025-03-17 19:41:21,2199.0,Realme Buds T310,realme,1,30.0,0,12.4,wait,0,3,17,19,3979.0,3999.0,-1780.0,-0.4473485800452375,3392.3333333333335,2199.0,3999.0,1033.5053620244717,0.6482263928466149,1.0
2025-03-21 09:53:42,1999.0,Realme Buds T310,realme,1,30.0,0,12.4,buy,4,3,21,9,2199.0,3979.0,-200.0,-0.09095043201455207,2725.6666666666665,1999.0,3979.0,1090.0152904126319,0.7333985569279687,1.0
2025-03-22 07:31:44,1990.0,Realme Buds T310,realme,1,30.0,0,12.4,buy,5,3,22,7,1999.0,2199.0,-9.0,-0.004502251125562781,2062.6666666666665,1990.0,2199.0,118.1538545005378,0.9647705235940531,1.0
2025-03-22 10:29:41,1999.0,Realme Buds T310,realme,1,30.0,0,12.4,buy,5,3,22,10,1990.0,1999.0,9.0,0.004522613065326633,1996.0,1990.0,1999.0,5.19615242279248,1.001503006012024,1.0045226130653266
2025-03-27 03:57:37,1990.0,Realme Buds T310,realme,1,30.0,0,12.4,buy,3,3,27,3,1999.0,1990.0,-9.0,-0.004502251125562781,1993.0,1990.0,1999.0,5.19615242279225,0.9984947315604616,1.0
2025-03-28 01:59:50,2199.0,Realme Buds T310,realme,1,30.0,0,12.4,wait,4,3,28,1,1990.0,1999.0,209.0,0.1050251256281407,2062.6666666666665,1990.0,2199.0,118.15385450053786,1.0660956690368455,1.1050251256281407
2025-04-01 08:00:11,1999.0,Realme Buds T310,realme,1,30.0,0,12.4,wait,1,4,1,8,2199.0,1990.0,-200.0,-0.09095043201455207,2062.6666666666665,1990.0,2199.0,118.15385450053786,0.9691338073691016,1.0045226130653266
2025-04-04 17:40:05,1990.0,Realme Buds T310,realme,1,30.0,0,12.4,wait,4,4,4,17,1999.0,2199.0,-9.0,-0.004502251125562781,2062.6666666666665,1990.0,2199.0,118.15385450053786,0.9647705235940531,1.0
2025-04-04 23:27:53,1899.0,Realme Buds T310,realme,1,30.0,0,12.4,buy,4,4,4,23,1990.0,1999.0,-91.0,-0.0457286432160804,1962.6666666666667,1899.0,1999.0,55.32027958474383,0.9675611413043478,1.0
2025-04-05 11:13:26,1990.0,Realme Buds T310,realme,1,30.0,0,12.4,buy,5,4,5,11,1899.0,1990.0,91.0,0.047919957872564506,1959.6666666666667,1899.0,1990.0,52.53887449626441,1.0154788229290694,1.0479199578725644
2025-04-07 10:07:51,2199.0,Realme Buds T310,realme,1,30.0,0,12.4,wait,0,4,7,10,1990.0,1899.0,209.0,0.1050251256281407,2029.3333333333333,1899.0,2199.0,153.81915788787248,1.0836070959264126,1.1579778830963665
2025-04-08 04:21:18,1993.0,Realme Buds T310,realme,1,30.0,0,12.4,buy,1,4,8,4,2199.0,1990.0,-206.0,-0.09367894497498863,2060.6666666666665,1990.0,2199.0,119.80957112574205,0.9671627305079263,1.0015075376884421
2025-04-08 10:48:57,2199.0,Realme Buds T310,realme,1,30.0,0,12.4,buy,1,4,8,10,1993.0,2199.0,206.0,0.10336176618163573,2130.3333333333335,1993.0,2199.0,118.93415545306674,1.0322328274135502,1.1033617661816357
2025-04-09 06:47:12,3980.0,Realme Buds T310,realme,1,30.0,0,12.4,wait,2,4,9,6,2199.0,1993.0,1781.0,0.8099135970895862,2724.0,1993.0,3980.0,1092.5937030753935,1.461086637298091,1.9969894631209233
2025-04-10 02:07:45,3999.0,Realme Buds T310,realme,1,30.0,0,12.4,wait,3,4,10,2,3980.0,2199.0,19.0,0.004773869346733669,3392.6666666666665,2199.0,3999.0,1033.789307999137,1.1787188052662607,1.8185538881309686
2025-04-10 03:47:39,3980.0,Realme Buds T310,realme,1,30.0,0,12.4,wait,3,4,10,3,3999.0,3980.0,-19.0,-0.004751187796949237,3986.3333333333335,3980.0,3999.0,10.969655114655986,0.9984112383978593,1.0
2025-04-11 13:23:56,1990.0,Realme Buds T310,realme,1,30.0,0,12.4,buy,4,4,11,13,3980.0,3999.0,-1990.0,-0.5,3323.0,1990.0,3999.0,1154.4509517515246,0.5988564550105326,1.0
2025-04-14 02:38:28,2199.0,Realme Buds T310,realme,1,30.0,0,12.4,buy,0,4,14,2,1990.0,3980.0,209.0,0.1050251256281407,2723.0,1990.0,3980.0,1093.5981894644858,0.8075651854572163,1.1050251256281407
2025-04-23 08:53:00,2198.0,Realme Buds T310,realme,1,30.0,0,12.4,buy,2,4,23,8,2199.0,1990.0,-1.0,-0.00045475216007276033,2129.0,1990.0,2199.0,120.37856952132786,1.0324095819633632,1.1045226130653267
2025-04-24 16:20:45,2199.0,Realme Buds T310,realme,1,30.0,0,12.4,buy,3,4,24,16,2198.0,2199.0,1.0,0.00045495905368516835,2198.6666666666665,2198.0,2199.0,0.5773502701978448,1.0001516070345664,1.000454959053685
2025-04-24 21:50:41,2198.0,Realme Buds T310,realme,1,30.0,0,12.4,buy,3,4,24,21,2199.0,2198.0,-1.0,-0.00045475216007276033,2198.3333333333335,2198.0,2199.0,0.5773502701978448,0.9998483699772555,1.0
2025-04-25 09:09:34,2199.0,Realme Buds T310,realme,1,30.0,0,12.4,buy,4,4,25,9,2198.0,2199.0,1.0,0.00045495905368516835,2198.6666666666665,2198.0,2199.0,0.5773502701978448,1.0001516070345664,1.000454959053685
2025-04-25 09:19:07,2198.0,Realme Buds T310,realme,1,30.0,0,12.4,buy,4,4,25,9,2199.0,2198.0,-1.0,-0.00045475216007276033,2198.3333333333335,2198.0,2199.0,0.5773502701978448,0.9998483699772555,1.0
2025-04-26 03:59:21,2199.0,Realme Buds T310,realme,1,30.0,0,12.4,buy,5,4,26,3,2198.0,2199.0,1.0,0.00045495905368516835,2198.6666666666665,2198.0,2199.0,0.5773502701978448,1.0001516070345664,1.000454959053685
2025-04-26 07:17:34,2198.0,Realme Buds T310,realme,1,30.0,0,12.4,buy,5,4,26,7,2199.0,2198.0,-1.0,-0.00045475216007276033,2198.3333333333335,2198.0,2199.0,0.5773502701978448,0.9998483699772555,1.0
2025-04-26 14:03:35,2199.0,Realme Buds T310,realme,1,30.0,0,12.4,buy,5,4,26,14,2198.0,2199.0,1.0,0.00045495905368516835,2198.6666666666665,2198.0,2199.0,0.5773502701978448,1.0001516070345664,1.000454959053685
2025-04-27 02:56:40,2198.0,Realme Buds T310,realme,1,30.0,0,12.4,wait,6,4,27,2,2199.0,2198.0,-1.0,-0.00045475216007276033,2198.3333333333335,2198.0,2199.0,0.5773502701978448,0.9998483699772555,1.0
2025-04-27 06:42:33,2199.0,Realme Buds T310,realme,1,30.0,0,12.4,wait,6,4,27,6,2198.0,2199.0,1.0,0.00045495905368516835,2198.6666666666665,2198.0,2199.0,0.5773502701978448,1.0001516070345664,1.000454959053685
2025-04-27 11:21:52,2198.0,Realme Buds T310,realme,1,30.0,0,12.4,wait,6,4,27,11,2199.0,2198.0,-1.0,-0.00045475216007276033,2198.3333333333335,2198.0,2199.0,0.5773502701978448,0.9998483699772555,1.0
2025-04-30 16:51:27,1899.0,Realme Buds T310,realme,1,30.0,0,12.4,wait,2,4,30,16,2198.0,2199.0,-299.0,-0.13603275705186532,2098.6666666666665,1899.0,2199.0,172.91712851344275,0.9048602287166455,1.0
2025-05-01 07:02:33,1799.0,Realme Buds T310,realme,1,30.0,0,12.4,buy,3,5,1,7,1899.0,2198.0,-100.0,-0.0526592943654555,1965.3333333333333,1799.0,2198.0,207.60619772380218,0.9153663500678426,1.0
2025-05-09 00:53:39,1899.0,Realme Buds T310,realme,1,30.0,0,12.4,buy,4,5,9,0,1799.0,1899.0,100.0,0.055586436909394105,1865.6666666666667,1799.0,1899.0,57.73502691897214,1.017866714311238,1.0555864369093941
2025-05-12 14:55:54,1898.0,Realme Buds T310,realme,1,30.0,0,12.4,buy,0,5,12,14,1899.0,1799.0,-1.0,-0.000526592943654555,1865.3333333333333,1799.0,1899.0,57.44852768639455,1.0175125089349535,1.0550305725403002
2025-05-15 02:12:28,2198.0,Realme Buds T310,realme,1,30.0,0,12.4,buy,3,5,15,2,1898.0,1899.0,300.0,0.15806111696522657,1998.3333333333333,1898.0,2198.0,172.9171285134427,1.0999165971643037,1.1580611169652266
2025-05-19 06:40:01,2199.0,Realme Buds T310,realme,1,30.0,0,12.4,wait,0,5,19,6,2198.0,1898.0,1.0,0.00045495905368516835,2098.3333333333335,1898.0,2199.0,173.4944763770145,1.0479745830023828,1.1585879873551106
2025-05-20 03:10:23,2198.0,Realme Buds T310,realme,1,30.0,0,12.4,wait,1,5,20,3,2199.0,2198.0,-1.0,-0.00045475216007276033,2198.3333333333335,2198.0,2199.0,0.5773502701348332,0.9998483699772555,1.0
2025-05-22 05:42:45,2199.0,Realme Buds T310,realme,1,30.0,0,12.4,wait,3,5,22,5,2198.0,2199.0,1.0,0.00045495905368516835,2198.6666666666665,2198.0,2199.0,0.5773502701348332,1.0001516070345664,1.000454959053685
2025-05-23 02:07:10,1999.0,Realme Buds T310,realme,1,30.0,0,12.4,wait,4,5,23,2,2199.0,2198.0,-200.0,-0.09095043201455207,2132.0,1999.0,2199.0,115.1824639430894,0.9376172607879925,1.0
2025-05-29 21:18:53,1799.0,Realme Buds T310,realme,1,30.0,0,12.4,buy,3,5,29,21,1999.0,2199.0,-200.0,-0.10005002501250625,1999.0,1799.0,2199.0,200.00000000000273,0.8999499749874937,1.0
2025-06-07 03:34:35,1899.0,Realme Buds T310,realme,1,30.0,0,12.4,wait,5,6,7,3,1799.0,1999.0,100.0,0.055586436909394105,1899.0,1799.0,1999.0,100.00000000000546,1.0,1.0555864369093941
2025-06-08 17:16:22,1799.0,Realme Buds T310,realme,1,30.0,0,12.4,buy,6,6,8,17,1899.0,1799.0,-100.0,-0.0526592943654555,1832.3333333333333,1799.0,1899.0,57.73502691897201,0.9818082590503912,1.0
2025-06-09 10:11:36,1899.0,Realme Buds T310,realme,1,30.0,0,12.4,buy,0,6,9,10,1799.0,1899.0,100.0,0.055586436909394105,1865.6666666666667,1799.0,1899.0,57.73502691897201,1.017866714311238,1.0555864369093941
2025-06-18 08:14:35,2199.0,Realme Buds T310,realme,1,30.0,0,12.4,wait,2,6,18,8,1899.0,1799.0,300.0,0.1579778830963665,1965.6666666666667,1799.0,2199.0,208.16659994661586,1.1187044259793115,1.2223457476375765
2025-06-21 08:32:25,1999.0,Realme Buds T310,realme,1,30.0,0,12.4,buy,5,6,21,8,2199.0,1899.0,-200.0,-0.09095043201455207,2032.3333333333333,1899.0,2199.0,152.75252316519817,0.9835984910611777,1.0526592943654556
2025-06-27 22:17:18,2199.0,Realme Buds T310,realme,1,30.0,0,12.4,wait,4,6,27,22,1999.0,2199.0,200.0,0.10005002501250625,2132.3333333333335,1999.0,2199.0,115.47005383792978,1.0312646553071751,1.1000500250125063
2025-07-02 01:40:43,1999.0,Realme Buds T310,realme,1,30.0,0,12.4,wait,2,7,2,1,2199.0,1999.0,-200.0,-0.09095043201455207,2065.6666666666665,1999.0,2199.0,115.47005383792978,0.9677263191867033,1.0
2025-07-08 02:56:31,2199.0,Realme Buds T310,realme,1,30.0,0,12.4,wait,1,7,8,2,1999.0,2199.0,200.0,0.10005002501250625,2132.3333333333335,1999.0,2199.0,115.47005383792978,1.0312646553071751,1.1000500250125063
2025-07-10 15:00:50,1914.0,Realme Buds T310,realme,1,30.0,0,12.4,wait,3,7,10,15,2199.0,1999.0,-285.0,-0.1296043656207367,2037.3333333333333,1914.0,2199.0,146.31586835792763,0.9394633507853404,1.0
2025-07-11 01:05:02,1799.0,Realme Buds T310,realme,1,30.0,0,12.4,wait,4,7,11,1,1914.0,2199.0,-115.0,-0.060083594566353184,1970.6666666666667,1799.0,2199.0,205.9328369477156,0.9128890392422192,1.0
2025-07-19 05:04:49,2199.0,Realme Buds T310,realme,1,30.0,0,12.4,wait,5,7,19,5,1799.0,1914.0,400.0,0.22234574763757642,1970.6666666666667,1799.0,2199.0,205.9328369477156,1.1158660351826792,1.2223457476375765
2025-07-30 14:47:59,1904.0,Realme Buds T310,realme,1,30.0,0,12.4,wait,2,7,30,14,2199.0,1799.0,-295.0,-0.1341518872214643,1967.3333333333333,1799.0,2199.0,207.38450601077798,0.9678075228736022,1.0583657587548638
2025-07-30 21:11:58,1699.0,Realme Buds T310,realme,1,30.0,0,12.4,buy,2,7,30,21,1904.0,2199.0,-205.0,-0.10766806722689076,1934.0,1699.0,2199.0,251.34637455113827,0.8784901758014477,1.0
2025-07-31 08:26:22,1799.0,Realme Buds T310,realme,1,30.0,0,12.4,buy,3,7,31,8,1699.0,1904.0,100.0,0.05885815185403178,1800.6666666666667,1699.0,1904.0,102.51016209788386,0.999074416882636,1.0588581518540319
2025-08-05 08:05:23,2399.0,Realme Buds T310,realme,1,30.0,0,12.4,wait,1,8,5,8,1799.0,1699.0,600.0,0.33351862145636463,1965.6666666666667,1699.0,2399.0,378.59388972001966,1.2204510768187213,1.4120070629782224
2025-08-05 12:57:42,1799.0,Realme Buds T310,realme,1,30.0,0,12.4,buy,1,8,5,12,2399.0,1799.0,-600.0,-0.25010421008753647,1999.0,1799.0,2399.0,346.41016151377704,0.8999499749874937,1.0
2025-08-09 04:22:20,2199.0,Realme Buds T310,realme,1,30.0,0,12.4,wait,5,8,9,4,1799.0,2399.0,400.0,0.22234574763757642,2132.3333333333335,1799.0,2399.0,305.5050463303911,1.0312646553071751,1.2223457476375765
2025-08-13 01:05:21,1999.0,Realme Buds T310,realme,1,30.0,0,12.4,buy,2,8,13,1,2199.0,1799.0,-200.0,-0.09095043201455207,1999.0,1799.0,2199.0,200.00000000000284,1.0,1.1111728738187883
2025-08-18 12:32:03,2199.0,Realme Buds T310,realme,1,30.0,0,12.4,buy,0,8,18,12,1999.0,2199.0,200.0,0.10005002501250625,2132.3333333333335,1999.0,2199.0,115.47005383792963,1.0312646553071751,1.1000500250125063
2024-11-27 03:28:45,3093.0,Redmi Buds 6,noise,1,49.0,1,12.4,buy,2,11,27,3,3093.0,3093.0,0.0,0.0,3093.0,3093.0,3093.0,0.0,1.0,1.0
2024-11-28 03:28:45,3093.0,Redmi Buds 6,noise,1,49.0,1,12.4,buy,3,11,28,3,3093.0,3093.0,0.0,0.0,3093.0,3093.0,3093.0,0.0,1.0,1.0
2024-11-29 03:28:45,3093.0,Redmi Buds 6,noise,1,49.0,1,12.4,buy,4,11,29,3,3093.0,3093.0,0.0,0.0,3093.0,3093.0,3093.0,0.0,1.0,1.0
2024-11-30 03:28:45,3093.0,Redmi Buds 6,noise,1,49.0,1,12.4,buy,5,11,30,3,3093.0,3093.0,0.0,0.0,3093.0,3093.0,3093.0,0.0,1.0,1.0
2024-12-01 03:28:45,3093.0,Redmi Buds 6,noise,1,49.0,1,12.4,buy,6,12,1,3,3093.0,3093.0,0.0,0.0,3093.0,3093.0,3093.0,0.0,1.0,1.0
2024-12-02 03:28:45,3093.0,Redmi Buds 6,noise,1,49.0,1,12.4,buy,0,12,2,3,3093.0,3093.0,0.0,0.0,3093.0,3093.0,3093.0,0.0,1.0,1.0
2024-12-03 03:28:45,3093.0,Redmi Buds 6,noise,1,49.0,1,12.4,buy,1,12,3,3,3093.0,3093.0,0.0,0.0,3093.0,3093.0,3093.0,0.0,1.0,1.0
2024-12-04 03:28:45,3093.0,Redmi Buds 6,noise,1,49.0,1,12.4,wait,2,12,4,3,3093.0,3093.0,0.0,0.0,3093.0,3093.0,3093.0,0.0,1.0,1.0
2024-12-05 03:28:45,3093.0,Redmi Buds 6,noise,1,49.0,1,12.4,wait,3,12,5,3,3093.0,3093.0,0.0,0.0,3093.0,3093.0,3093.0,0.0,1.0,1.0
2024-12-06 03:28:45,3093.0,Redmi Buds 6,noise,1,49.0,1,12.4,wait,4,12,6,3,3093.0,3093.0,0.0,0.0,3093.0,3093.0,3093.0,0.0,1.0,1.0
2024-12-14 05:24:15,2799.0,Redmi Buds 6,noise,1,49.0,1,12.4,buy,5,12,14,5,3093.0,3093.0,-294.0,-0.0950533462657614,2995.0,2799.0,3093.0,169.74097914175,0.9345575959933222,1.0
2024-12-27 05:41:56,2999.0,Redmi Buds 6,noise,1,49.0,1,12.4,wait,4,12,27,5,2799.0,3093.0,200.0,0.07145409074669525,2963.6666666666665,2799.0,3093.0,150.1510350724674,1.0119221684849848,1.0714540907466952
2025-01-12 17:52:21,2899.0,Redmi Buds 6,noise,1,49.0,1,12.4,wait,6,1,12,17,2999.0,2799.0,-100.0,-0.03334444814938313,2899.0,2799.0,2999.0,99.99999999999994,1.0,1.0357270453733476
2025-01-13 12:31:16,2799.0,Redmi Buds 6,noise,1,49.0,1,12.4,buy,0,1,13,12,2899.0,2999.0,-100.0,-0.03449465332873405,2899.0,2799.0,2999.0,99.99999999999994,0.965505346671266,1.0
2025-01-22 15:45:07,2999.0,Redmi Buds 6,noise,1,49.0,1,12.4,wait,2,1,22,15,2799.0,2899.0,200.0,0.07145409074669525,2899.0,2799.0,2999.0,99.99999999999994,1.034494653328734,1.0714540907466952
2025-02-06 13:44:26,2799.0,Redmi Buds 6,noise,1,49.0,1,12.4,buy,3,2,6,13,2999.0,2799.0,-200.0,-0.06668889629876626,2865.6666666666665,2799.0,2999.0,115.47005383792506,0.976736070722345,1.0
2025-02-12 06:20:15,2798.0,Redmi Buds 6,noise,1,49.0,1,12.4,wait,2,2,12,6,2799.0,2999.0,-1.0,-0.0003572704537334762,2865.3333333333335,2798.0,2999.0,115.75980879965779,0.9765006979990692,1.0
2025-02-15 06:31:34,2990.0,Redmi Buds 6,noise,1,49.0,1,12.4,wait,5,2,15,6,2798.0,2799.0,192.0,0.06862044317369549,2862.3333333333335,2798.0,2990.0,110.56370712549996,1.0446023058111098,1.0686204431736954
2025-02-16 13:51:04,2999.0,Redmi Buds 6,noise,1,49.0,1,12.4,wait,6,2,16,13,2990.0,2798.0,9.0,0.0030100334448160534,2929.0,2798.0,2999.0,113.53853971229326,1.0238989416182998,1.0718370264474624
2025-03-07 04:28:34,2699.0,Redmi Buds 6,noise,1,49.0,1,12.4,buy,4,3,7,4,2999.0,2990.0,-300.0,-0.10003334444814939,2896.0,2699.0,2999.0,170.66634114552286,0.931975138121547,1.0
2025-03-07 12:20:59,2799.0,Redmi Buds 6,noise,1,49.0,1,12.4,buy,4,3,7,12,2699.0,2999.0,100.0,0.037050759540570584,2832.3333333333335,2699.0,2999.0,152.75252316519465,0.9882311404024949,1.0370507595405707
2025-03-13 23:03:44,2789.0,Redmi Buds 6,noise,1,49.0,1,12.4,buy,3,3,13,23,2799.0,2699.0,-10.0,-0.0035727045373347625,2762.3333333333335,2699.0,2799.0,55.075705472861124,1.00965367442983,1.0333456835865136
2025-03-17 13:07:53,2999.0,Redmi Buds 6,noise,1,49.0,1,12.4,wait,0,3,17,13,2789.0,2799.0,210.0,0.07529580494801004,2862.3333333333335,2789.0,2999.0,118.46237095944569,1.0477465936881332,1.0752958049480101
2025-03-30 00:29:22,3100.0,Redmi Buds 6,noise,1,49.0,1,12.4,wait,6,3,30,0,2999.0,2789.0,101.0,0.033677892630876956,2962.6666666666665,2789.0,3100.0,158.65160992985017,1.0463546354635465,1.1115095016134815
2025-03-30 16:19:23,3500.0,Redmi Buds 6,noise,1,49.0,1,12.4,wait,6,3,30,16,3100.0,2999.0,400.0,0.12903225806451613,3199.6666666666665,2999.0,3500.0,264.95345503188554,1.0938639441608502,1.1670556852284095
2025-04-03 18:54:49,2799.0,Redmi Buds 6,noise,1,49.0,1,12.4,wait,3,4,3,18,3500.0,3100.0,-701.0,-0.2002857142857143,3133.0,2799.0,3500.0,351.66319113606426,0.8933929141398022,1.0
2025-04-10 03:12:56,2639.0,Redmi Buds 6,noise,1,49.0,1,12.4,buy,3,4,10,3,2799.0,3500.0,-160.0,-0.0571632725973562,2979.3333333333335,2639.0,3500.0,457.9523264853378,0.885768628328485,1.0
2025-04-24 17:26:31,2999.0,Redmi Buds 6,noise,1,49.0,1,12.4,wait,3,4,24,17,2639.0,2799.0,360.0,0.13641530882910194,2812.3333333333335,2639.0,2999.0,180.36999011291613,1.0663743036624391,1.136415308829102
2025-05-01 00:36:17,2947.0,Redmi Buds 6,noise,1,49.0,1,12.4,wait,3,5,1,0,2999.0,2639.0,-52.0,-0.017339113037679228,2861.6666666666665,2639.0,2999.0,194.57988933426154,1.0298194525334887,1.1167108753315649
2025-05-01 08:21:03,2797.0,Redmi Buds 6,noise,1,49.0,1,12.4,buy,3,5,1,8,2947.0,2999.0,-150.0,-0.05089921954530031,2914.3333333333335,2797.0,2999.0,104.88724104167059,0.9597392199473864,1.0
2025-05-06 18:13:41,2790.0,Redmi Buds 6,noise,1,49.0,1,12.4,buy,1,5,6,18,2797.0,2947.0,-7.0,-0.0025026814444047193,2844.6666666666665,2790.0,2947.0,88.6923521693585,0.980782751347551,1.0
2025-05-09 15:33:42,2999.0,Redmi Buds 6,noise,1,49.0,1,12.4,wait,4,5,9,15,2790.0,2797.0,209.0,0.07491039426523298,2862.0,2790.0,2999.0,118.69709347747386,1.0478686233403214,1.074910394265233
2025-06-02 17:27:43,2799.0,Redmi Buds 6,noise,1,49.0,1,12.4,buy,0,6,2,17,2999.0,2790.0,-200.0,-0.06668889629876626,2862.6666666666665,2790.0,2999.0,118.15385450053456,0.9777596646483466,1.0032258064516129
2025-06-10 14:45:46,2999.0,Redmi Buds 6,noise,1,49.0,1,12.4,wait,1,6,10,14,2799.0,2999.0,200.0,0.07145409074669525,2932.3333333333335,2799.0,2999.0,115.47005383792585,1.022735023303399,1.0714540907466952
2025-06-21 08:56:11,2799.0,Redmi Buds 6,noise,1,49.0,1,12.4,buy,5,6,21,8,2999.0,2799.0,-200.0,-0.06668889629876626,2865.6666666666665,2799.0,2999.0,115.47005383792585,0.976736070722345,1.0
2025-06-22 06:05:24,2999.0,Redmi Buds 6,noise,1,49.0,1,12.4,wait,6,6,22,6,2799.0,2999.0,200.0,0.07145409074669525,2932.3333333333335,2799.0,2999.0,115.47005383792585,1.022735023303399,1.0714540907466952
2025-07-10 18:11:44,2952.0,Redmi Buds 6,noise,1,49.0,1,12.4,wait,3,7,10,18,2999.0,2799.0,-47.0,-0.01567189063021007,2916.6666666666665,2799.0,2999.0,104.57692543450254,1.0121142857142857,1.0546623794212218
2025-07-11 02:09:06,2799.0,Redmi Buds 6,noise,1,49.0,1,12.4,buy,4,7,11,2,2952.0,2999.0,-153.0,-0.051829268292682924,2916.6666666666665,2799.0,2999.0,104.57692543450254,0.9596571428571429,1.0
2025-07-17 20:54:23,2999.0,Redmi Buds 6,noise,1,49.0,1,12.4,wait,3,7,17,20,2799.0,2952.0,200.0,0.07145409074669525,2916.6666666666665,2799.0,2999.0,104.57692543450254,1.0282285714285715,1.0714540907466952
2025-07-31 07:35:53,2799.0,Redmi Buds 6,noise,1,49.0,1,12.4,wait,3,7,31,7,2999.0,2799.0,-200.0,-0.06668889629876626,2865.6666666666665,2799.0,2999.0,115.47005383792585,0.976736070722345,1.0
2025-08-09 13:40:16,2969.0,Redmi Buds 6,noise,1,49.0,1,12.4,wait,5,8,9,13,2799.0,2999.0,170.0,0.06073597713469096,2922.3333333333335,2799.0,2999.0,107.85793124909033,1.0159689745637048,1.060735977134691
2025-08-10 06:52:29,2999.0,Redmi Buds 6,noise,1,49.0,1,12.4,wait,6,8,10,6,2969.0,2799.0,30.0,0.010104412260020209,2922.3333333333335,2799.0,2999.0,107.85793124909033,1.0262347439260864,1.0714540907466952
2025-09-16 10:11:28,2499.0,Redmi Buds 6,noise,1,49.0,1,12.4,buy,1,9,16,10,2999.0,2969.0,-500.0,-0.16672224074691563,2822.3333333333335,2499.0,2999.0,280.4163571073084,0.8854375811975906,1.0
2025-09-16 19:04:25,2999.0,Redmi Buds 6,noise,1,49.0,1,12.4,buy,1,9,16,19,2499.0,2999.0,500.0,0.2000800320128051,2832.3333333333335,2499.0,2999.0,288.6751345948132,1.058844297987525,1.200080032012805
2025-07-13 15:25:50,4999.0,Samsung Galaxy Buds Core Black,samsung,1,0.0,0,12.4,buy,6,7,13,15,5000.0,4999.0,-1.0,-0.0002,4999.333333333333,4999.0,5000.0,0.5773502691895601,0.9999333244432591,1.0
2025-07-30 19:16:39,5000.0,Samsung Galaxy Buds Core Black,samsung,1,0.0,0,12.4,buy,2,7,30,19,4999.0,5000.0,1.0,0.00020004000800160032,4999.666666666667,4999.0,5000.0,0.5773502691895601,1.0000666711114075,1.0002000400080016
2025-08-08 18:42:25,4999.0,Samsung Galaxy Buds Core Black,samsung,1,0.0,0,12.4,buy,4,8,8,18,5000.0,4999.0,-1.0,-0.0002,4999.333333333333,4999.0,5000.0,0.5773502691895601,0.9999333244432591,1.0
